files,labels,fold
000157.jpg,1,val
000158.jpg,1,val
000159.jpg,1,val
000160.jpg,1,val
000162.jpg,1,val
000167.jpg,1,val
000168.jpg,1,val
000170.jpg,1,train
000173.jpg,1,train
000177.jpg,1,train
000178.jpg,1,train
000179.jpg,1,train
000181.jpg,1,train
000182.jpg,1,train
000183.jpg,1,train
000189.jpg,1,train
000190.jpg,1,train
000191.jpg,1,train
000192.jpg,1,train
000193.jpg,1,train
000194.jpg,1,train
000196.jpg,1,train
000201.jpg,1,train
000202.jpg,1,train
000203.jpg,1,train
000204.jpg,1,train
000208.jpg,1,train
000209.jpg,1,train
000211.jpg,1,train
000212.jpg,1,train
000215.jpg,1,train
000240.jpg,2,val
000241.jpg,2,val
000242.jpg,2,val
000244.jpg,2,val
000245.jpg,2,val
000246.jpg,2,val
000247.jpg,2,val
000249.jpg,2,train
000250.jpg,2,train
000253.jpg,2,train
000254.jpg,2,train
000255.jpg,2,train
000259.jpg,2,train
000261.jpg,2,train
000263.jpg,2,train
000264.jpg,2,train
000265.jpg,2,train
000266.jpg,2,train
000267.jpg,2,train
000268.jpg,2,train
000269.jpg,2,train
000270.jpg,2,train
000272.jpg,2,train
000273.jpg,2,train
000276.jpg,2,train
000277.jpg,2,train
000279.jpg,2,train
000281.jpg,2,train
000283.jpg,2,train
000284.jpg,2,train
000286.jpg,2,train
000287.jpg,2,train
000288.jpg,2,train
000290.jpg,2,train
000292.jpg,2,train
000294.jpg,2,train
000295.jpg,2,train
000296.jpg,2,train
000297.jpg,2,train
000407.jpg,3,val
000408.jpg,3,val
000410.jpg,3,val
000411.jpg,3,val
000412.jpg,3,val
000415.jpg,3,val
000416.jpg,3,val
000417.jpg,3,train
000421.jpg,3,train
000423.jpg,3,train
000425.jpg,3,train
000427.jpg,3,train
000429.jpg,3,train
000430.jpg,3,train
000431.jpg,3,train
000433.jpg,3,train
000434.jpg,3,train
000435.jpg,3,train
000438.jpg,3,train
000439.jpg,3,train
000441.jpg,3,train
000442.jpg,3,train
000443.jpg,3,train
000444.jpg,3,train
000445.jpg,3,train
000447.jpg,3,train
000448.jpg,3,train
000449.jpg,3,train
000450.jpg,3,train
000452.jpg,3,train
000453.jpg,3,train
000455.jpg,3,train
000456.jpg,3,train
000459.jpg,3,train
000461.jpg,3,train
000462.jpg,3,train
000464.jpg,3,train
000465.jpg,3,train
000466.jpg,3,train
000495.jpg,4,val
000498.jpg,4,val
000500.jpg,4,val
000501.jpg,4,val
000502.jpg,4,val
000507.jpg,4,val
000508.jpg,4,val
000509.jpg,4,train
000510.jpg,4,train
000513.jpg,4,train
000516.jpg,4,train
000518.jpg,4,train
000520.jpg,4,train
000521.jpg,4,train
000525.jpg,4,train
000527.jpg,4,train
000528.jpg,4,train
000530.jpg,4,train
000531.jpg,4,train
000532.jpg,4,train
000533.jpg,4,train
000534.jpg,4,train
000535.jpg,4,train
000536.jpg,4,train
000538.jpg,4,train
000540.jpg,4,train
000542.jpg,4,train
000543.jpg,4,train
000544.jpg,4,train
000545.jpg,4,train
000546.jpg,4,train
000665.jpg,5,val
000669.jpg,5,val
000674.jpg,5,val
000675.jpg,5,val
000682.jpg,5,val
000685.jpg,5,val
000686.jpg,5,val
000687.jpg,5,train
000688.jpg,5,train
000694.jpg,5,train
000695.jpg,5,train
000697.jpg,5,train
000698.jpg,5,train
000699.jpg,5,train
000700.jpg,5,train
000704.jpg,5,train
000705.jpg,5,train
000706.jpg,5,train
000707.jpg,5,train
000710.jpg,5,train
000711.jpg,5,train
000712.jpg,5,train
000714.jpg,5,train
000715.jpg,5,train
000719.jpg,5,train
000720.jpg,5,train
000722.jpg,5,train
000723.jpg,5,train
000744.jpg,6,val
000746.jpg,6,val
000747.jpg,6,val
000749.jpg,6,val
000753.jpg,6,val
000757.jpg,6,val
000758.jpg,6,val
000759.jpg,6,train
000761.jpg,6,train
000762.jpg,6,train
000767.jpg,6,train
000770.jpg,6,train
000772.jpg,6,train
000774.jpg,6,train
000775.jpg,6,train
000778.jpg,6,train
000780.jpg,6,train
000781.jpg,6,train
000783.jpg,6,train
000784.jpg,6,train
000786.jpg,6,train
000787.jpg,6,train
000788.jpg,6,train
000789.jpg,6,train
000790.jpg,6,train
000791.jpg,6,train
000792.jpg,6,train
000793.jpg,6,train
000811.jpg,7,val
000812.jpg,7,val
000814.jpg,7,val
000816.jpg,7,val
000819.jpg,7,val
000820.jpg,7,val
000823.jpg,7,val
000826.jpg,7,train
000829.jpg,7,train
000830.jpg,7,train
000831.jpg,7,train
000836.jpg,7,train
000838.jpg,7,train
000840.jpg,7,train
000841.jpg,7,train
000842.jpg,7,train
000843.jpg,7,train
000844.jpg,7,train
000845.jpg,7,train
000846.jpg,7,train
000847.jpg,7,train
000848.jpg,7,train
000849.jpg,7,train
000851.jpg,7,train
000852.jpg,7,train
000853.jpg,7,train
000854.jpg,7,train
000855.jpg,7,train
000856.jpg,7,train
000857.jpg,7,train
000859.jpg,7,train
000860.jpg,7,train
000861.jpg,7,train
000886.jpg,8,val
000888.jpg,8,val
000890.jpg,8,val
000894.jpg,8,val
000895.jpg,8,val
000896.jpg,8,val
000901.jpg,8,val
000903.jpg,8,train
000905.jpg,8,train
000907.jpg,8,train
000908.jpg,8,train
000909.jpg,8,train
000910.jpg,8,train
000912.jpg,8,train
000916.jpg,8,train
000917.jpg,8,train
000918.jpg,8,train
000920.jpg,8,train
000922.jpg,8,train
000924.jpg,8,train
000925.jpg,8,train
000926.jpg,8,train
000927.jpg,8,train
000928.jpg,8,train
000929.jpg,8,train
000933.jpg,8,train
000935.jpg,8,train
000938.jpg,8,train
000959.jpg,9,val
000960.jpg,9,val
000964.jpg,9,val
000968.jpg,9,val
000969.jpg,9,val
000970.jpg,9,val
000972.jpg,9,val
000975.jpg,9,train
000977.jpg,9,train
000978.jpg,9,train
000980.jpg,9,train
000981.jpg,9,train
000983.jpg,9,train
000984.jpg,9,train
000990.jpg,9,train
000994.jpg,9,train
000995.jpg,9,train
000997.jpg,9,train
000998.jpg,9,train
001001.jpg,9,train
001002.jpg,9,train
001004.jpg,9,train
001008.jpg,9,train
001011.jpg,9,train
001012.jpg,9,train
001015.jpg,9,train
001041.jpg,10,val
001043.jpg,10,val
001044.jpg,10,val
001045.jpg,10,val
001046.jpg,10,val
001047.jpg,10,val
001049.jpg,10,val
001054.jpg,10,train
001058.jpg,10,train
001061.jpg,10,train
001064.jpg,10,train
001069.jpg,10,train
001071.jpg,10,train
001073.jpg,10,train
001078.jpg,10,train
001080.jpg,10,train
001081.jpg,10,train
001083.jpg,10,train
001085.jpg,10,train
001086.jpg,10,train
001089.jpg,10,train
001091.jpg,10,train
001093.jpg,10,train
001094.jpg,10,train
001096.jpg,10,train
001100.jpg,10,train
001101.jpg,10,train
001103.jpg,10,train
001127.jpg,11,val
001132.jpg,11,val
001133.jpg,11,val
001134.jpg,11,val
001137.jpg,11,val
001139.jpg,11,val
001148.jpg,11,val
001150.jpg,11,train
001151.jpg,11,train
001152.jpg,11,train
001153.jpg,11,train
001156.jpg,11,train
001162.jpg,11,train
001166.jpg,11,train
001167.jpg,11,train
001169.jpg,11,train
001171.jpg,11,train
001172.jpg,11,train
001173.jpg,11,train
001174.jpg,11,train
001176.jpg,11,train
001179.jpg,11,train
001180.jpg,11,train
001182.jpg,11,train
001183.jpg,11,train
001184.jpg,11,train
001188.jpg,11,train
001190.jpg,11,train
001192.jpg,11,train
001194.jpg,11,train
001548.jpg,12,val
001549.jpg,12,val
001551.jpg,12,val
001552.jpg,12,val
001553.jpg,12,val
001556.jpg,12,val
001557.jpg,12,val
001559.jpg,12,train
001561.jpg,12,train
001564.jpg,12,train
001565.jpg,12,train
001566.jpg,12,train
001567.jpg,12,train
001568.jpg,12,train
001569.jpg,12,train
001573.jpg,12,train
001574.jpg,12,train
001575.jpg,12,train
001576.jpg,12,train
001577.jpg,12,train
001579.jpg,12,train
001580.jpg,12,train
001581.jpg,12,train
001583.jpg,12,train
001584.jpg,12,train
001585.jpg,12,train
001586.jpg,12,train
001587.jpg,12,train
001588.jpg,12,train
001589.jpg,12,train
001590.jpg,12,train
001592.jpg,12,train
001594.jpg,12,train
001596.jpg,12,train
001597.jpg,12,train
001598.jpg,12,train
001599.jpg,12,train
001600.jpg,12,train
001601.jpg,12,train
001638.jpg,13,val
001639.jpg,13,val
001642.jpg,13,val
001646.jpg,13,val
001647.jpg,13,val
001648.jpg,13,val
001653.jpg,13,val
001656.jpg,13,train
001659.jpg,13,train
001665.jpg,13,train
001667.jpg,13,train
001669.jpg,13,train
001670.jpg,13,train
001673.jpg,13,train
001674.jpg,13,train
001681.jpg,13,train
001687.jpg,13,train
001688.jpg,13,train
001689.jpg,13,train
001690.jpg,13,train
001694.jpg,13,train
001696.jpg,13,train
001700.jpg,13,train
001701.jpg,13,train
001704.jpg,13,train
001807.jpg,14,val
001808.jpg,14,val
001809.jpg,14,val
001810.jpg,14,val
001811.jpg,14,val
001812.jpg,14,val
001813.jpg,14,val
001816.jpg,14,train
001817.jpg,14,train
001818.jpg,14,train
001820.jpg,14,train
001822.jpg,14,train
001824.jpg,14,train
001826.jpg,14,train
001827.jpg,14,train
001828.jpg,14,train
001831.jpg,14,train
001832.jpg,14,train
001834.jpg,14,train
001836.jpg,14,train
001837.jpg,14,train
001839.jpg,14,train
001841.jpg,14,train
001843.jpg,14,train
001845.jpg,14,train
001846.jpg,14,train
001847.jpg,14,train
001848.jpg,14,train
001849.jpg,14,train
001851.jpg,14,train
001852.jpg,14,train
001855.jpg,14,train
001856.jpg,14,train
001857.jpg,14,train
001859.jpg,14,train
001887.jpg,15,val
001888.jpg,15,val
001890.jpg,15,val
001891.jpg,15,val
001893.jpg,15,val
001896.jpg,15,val
001899.jpg,15,val
001901.jpg,15,train
001902.jpg,15,train
001903.jpg,15,train
001904.jpg,15,train
001905.jpg,15,train
001907.jpg,15,train
001908.jpg,15,train
001912.jpg,15,train
001913.jpg,15,train
001917.jpg,15,train
001919.jpg,15,train
001920.jpg,15,train
001923.jpg,15,train
001925.jpg,15,train
001926.jpg,15,train
001927.jpg,15,train
001928.jpg,15,train
001929.jpg,15,train
001930.jpg,15,train
001931.jpg,15,train
001932.jpg,15,train
001933.jpg,15,train
001935.jpg,15,train
001936.jpg,15,train
001937.jpg,15,train
001938.jpg,15,train
001939.jpg,15,train
001940.jpg,15,train
001941.jpg,15,train
001942.jpg,15,train
001943.jpg,15,train
001946.jpg,15,train
001976.jpg,16,val
001977.jpg,16,val
001979.jpg,16,val
001981.jpg,16,val
001984.jpg,16,val
001987.jpg,16,val
001989.jpg,16,val
001991.jpg,16,train
001995.jpg,16,train
001997.jpg,16,train
001998.jpg,16,train
001999.jpg,16,train
002000.jpg,16,train
002002.jpg,16,train
002006.jpg,16,train
002008.jpg,16,train
002013.jpg,16,train
002014.jpg,16,train
002015.jpg,16,train
002016.jpg,16,train
002017.jpg,16,train
002019.jpg,16,train
002021.jpg,16,train
002024.jpg,16,train
002025.jpg,16,train
002026.jpg,16,train
002055.jpg,17,val
002056.jpg,17,val
002058.jpg,17,val
002059.jpg,17,val
002060.jpg,17,val
002062.jpg,17,val
002065.jpg,17,val
002067.jpg,17,train
002069.jpg,17,train
002070.jpg,17,train
002071.jpg,17,train
002072.jpg,17,train
002073.jpg,17,train
002074.jpg,17,train
002076.jpg,17,train
002079.jpg,17,train
002081.jpg,17,train
002082.jpg,17,train
002083.jpg,17,train
002084.jpg,17,train
002085.jpg,17,train
002086.jpg,17,train
002087.jpg,17,train
002088.jpg,17,train
002091.jpg,17,train
002094.jpg,17,train
002095.jpg,17,train
002096.jpg,17,train
002097.jpg,17,train
002098.jpg,17,train
002099.jpg,17,train
002100.jpg,17,train
002102.jpg,17,train
002104.jpg,17,train
002105.jpg,17,train
002194.jpg,18,val
002195.jpg,18,val
002197.jpg,18,val
002204.jpg,18,val
002205.jpg,18,val
002206.jpg,18,val
002207.jpg,18,val
002208.jpg,18,train
002209.jpg,18,train
002212.jpg,18,train
002213.jpg,18,train
002216.jpg,18,train
002218.jpg,18,train
002224.jpg,18,train
002226.jpg,18,train
002228.jpg,18,train
002229.jpg,18,train
002230.jpg,18,train
002233.jpg,18,train
002234.jpg,18,train
002235.jpg,18,train
002237.jpg,18,train
002238.jpg,18,train
002239.jpg,18,train
002246.jpg,18,train
002247.jpg,18,train
002250.jpg,18,train
002251.jpg,18,train
002277.jpg,19,val
002279.jpg,19,val
002280.jpg,19,val
002283.jpg,19,val
002289.jpg,19,val
002296.jpg,19,val
002297.jpg,19,val
002298.jpg,19,train
002299.jpg,19,train
002302.jpg,19,train
002306.jpg,19,train
002308.jpg,19,train
002310.jpg,19,train
002312.jpg,19,train
002314.jpg,19,train
002317.jpg,19,train
002318.jpg,19,train
002320.jpg,19,train
002321.jpg,19,train
002322.jpg,19,train
002323.jpg,19,train
002324.jpg,19,train
002325.jpg,19,train
002328.jpg,19,train
002329.jpg,19,train
002330.jpg,19,train
002361.jpg,20,val
002362.jpg,20,val
002363.jpg,20,val
002364.jpg,20,val
002365.jpg,20,val
002367.jpg,20,val
002371.jpg,20,val
002372.jpg,20,train
002373.jpg,20,train
002374.jpg,20,train
002377.jpg,20,train
002379.jpg,20,train
002380.jpg,20,train
002381.jpg,20,train
002384.jpg,20,train
002387.jpg,20,train
002389.jpg,20,train
002394.jpg,20,train
002395.jpg,20,train
002397.jpg,20,train
002398.jpg,20,train
002400.jpg,20,train
002402.jpg,20,train
002403.jpg,20,train
002404.jpg,20,train
002405.jpg,20,train
002406.jpg,20,train
002409.jpg,20,train
002410.jpg,20,train
002411.jpg,20,train
002415.jpg,20,train
002419.jpg,20,train
002446.jpg,21,val
002447.jpg,21,val
002448.jpg,21,val
002451.jpg,21,val
002452.jpg,21,val
002454.jpg,21,val
002456.jpg,21,val
002457.jpg,21,train
002458.jpg,21,train
002460.jpg,21,train
002462.jpg,21,train
002465.jpg,21,train
002470.jpg,21,train
002476.jpg,21,train
002479.jpg,21,train
002484.jpg,21,train
002487.jpg,21,train
002488.jpg,21,train
002491.jpg,21,train
002492.jpg,21,train
002493.jpg,21,train
002494.jpg,21,train
002495.jpg,21,train
002496.jpg,21,train
002498.jpg,21,train
002500.jpg,21,train
002502.jpg,21,train
002533.jpg,22,val
002534.jpg,22,val
002537.jpg,22,val
002539.jpg,22,val
002542.jpg,22,val
002543.jpg,22,val
002544.jpg,22,val
002546.jpg,22,train
002547.jpg,22,train
002550.jpg,22,train
002552.jpg,22,train
002553.jpg,22,train
002554.jpg,22,train
002555.jpg,22,train
002556.jpg,22,train
002558.jpg,22,train
002560.jpg,22,train
002564.jpg,22,train
002565.jpg,22,train
002567.jpg,22,train
002568.jpg,22,train
002570.jpg,22,train
002572.jpg,22,train
002578.jpg,22,train
002580.jpg,22,train
002582.jpg,22,train
002585.jpg,22,train
002586.jpg,22,train
002622.jpg,23,val
002624.jpg,23,val
002625.jpg,23,val
002626.jpg,23,val
002627.jpg,23,val
002628.jpg,23,val
002629.jpg,23,val
002630.jpg,23,train
002631.jpg,23,train
002634.jpg,23,train
002635.jpg,23,train
002638.jpg,23,train
002639.jpg,23,train
002641.jpg,23,train
002642.jpg,23,train
002643.jpg,23,train
002645.jpg,23,train
002646.jpg,23,train
002649.jpg,23,train
002650.jpg,23,train
002653.jpg,23,train
002657.jpg,23,train
002658.jpg,23,train
002660.jpg,23,train
002661.jpg,23,train
002699.jpg,24,val
002702.jpg,24,val
002704.jpg,24,val
002705.jpg,24,val
002707.jpg,24,val
002710.jpg,24,val
002711.jpg,24,val
002717.jpg,24,train
002718.jpg,24,train
002719.jpg,24,train
002720.jpg,24,train
002721.jpg,24,train
002722.jpg,24,train
002723.jpg,24,train
002726.jpg,24,train
002727.jpg,24,train
002728.jpg,24,train
002732.jpg,24,train
002733.jpg,24,train
002737.jpg,24,train
002738.jpg,24,train
002743.jpg,24,train
002745.jpg,24,train
002747.jpg,24,train
002749.jpg,24,train
002750.jpg,24,train
002758.jpg,24,train
002788.jpg,25,val
002789.jpg,25,val
002792.jpg,25,val
002793.jpg,25,val
002795.jpg,25,val
002797.jpg,25,val
002798.jpg,25,val
002799.jpg,25,train
002800.jpg,25,train
002803.jpg,25,train
002805.jpg,25,train
002807.jpg,25,train
002808.jpg,25,train
002809.jpg,25,train
002812.jpg,25,train
002813.jpg,25,train
002814.jpg,25,train
002815.jpg,25,train
002816.jpg,25,train
002817.jpg,25,train
002819.jpg,25,train
002822.jpg,25,train
002825.jpg,25,train
002826.jpg,25,train
002829.jpg,25,train
002830.jpg,25,train
002834.jpg,25,train
002835.jpg,25,train
002839.jpg,25,train
002840.jpg,25,train
002841.jpg,25,train
002842.jpg,25,train
002843.jpg,25,train
002844.jpg,25,train
002845.jpg,25,train
002846.jpg,25,train
002871.jpg,26,val
002872.jpg,26,val
002873.jpg,26,val
002875.jpg,26,val
002878.jpg,26,val
002879.jpg,26,val
002882.jpg,26,val
002883.jpg,26,train
002884.jpg,26,train
002886.jpg,26,train
002890.jpg,26,train
002892.jpg,26,train
002894.jpg,26,train
002897.jpg,26,train
002898.jpg,26,train
002900.jpg,26,train
002901.jpg,26,train
002902.jpg,26,train
002904.jpg,26,train
002906.jpg,26,train
002908.jpg,26,train
002909.jpg,26,train
002911.jpg,26,train
002913.jpg,26,train
002916.jpg,26,train
002918.jpg,26,train
002919.jpg,26,train
002923.jpg,26,train
002924.jpg,26,train
002926.jpg,26,train
002927.jpg,26,train
002929.jpg,26,train
002930.jpg,26,train
002952.jpg,27,val
002956.jpg,27,val
002958.jpg,27,val
002960.jpg,27,val
002961.jpg,27,val
002963.jpg,27,val
002964.jpg,27,val
002970.jpg,27,train
002971.jpg,27,train
002972.jpg,27,train
002975.jpg,27,train
002976.jpg,27,train
002977.jpg,27,train
002978.jpg,27,train
002979.jpg,27,train
002980.jpg,27,train
002981.jpg,27,train
002983.jpg,27,train
002984.jpg,27,train
002985.jpg,27,train
002987.jpg,27,train
002991.jpg,27,train
002993.jpg,27,train
002994.jpg,27,train
002996.jpg,27,train
002999.jpg,27,train
003000.jpg,27,train
003002.jpg,27,train
003004.jpg,27,train
003401.jpg,28,val
003402.jpg,28,val
003403.jpg,28,val
003404.jpg,28,val
003409.jpg,28,val
003410.jpg,28,val
003411.jpg,28,val
003412.jpg,28,train
003414.jpg,28,train
003415.jpg,28,train
003416.jpg,28,train
003417.jpg,28,train
003418.jpg,28,train
003420.jpg,28,train
003421.jpg,28,train
003423.jpg,28,train
003424.jpg,28,train
003425.jpg,28,train
003428.jpg,28,train
003429.jpg,28,train
003430.jpg,28,train
003431.jpg,28,train
003433.jpg,28,train
003435.jpg,28,train
003436.jpg,28,train
003437.jpg,28,train
003438.jpg,28,train
003441.jpg,28,train
003442.jpg,28,train
003444.jpg,28,train
003445.jpg,28,train
003446.jpg,28,train
003448.jpg,28,train
003450.jpg,28,train
003451.jpg,28,train
003452.jpg,28,train
003453.jpg,28,train
003454.jpg,28,train
003455.jpg,28,train
003494.jpg,29,val
003495.jpg,29,val
003497.jpg,29,val
003503.jpg,29,val
003505.jpg,29,val
003506.jpg,29,val
003507.jpg,29,val
003508.jpg,29,train
003511.jpg,29,train
003516.jpg,29,train
003524.jpg,29,train
003526.jpg,29,train
003527.jpg,29,train
003529.jpg,29,train
003530.jpg,29,train
003531.jpg,29,train
003535.jpg,29,train
003536.jpg,29,train
003543.jpg,29,train
003545.jpg,29,train
003546.jpg,29,train
003552.jpg,29,train
003553.jpg,29,train
003554.jpg,29,train
003555.jpg,29,train
003557.jpg,29,train
003650.jpg,30,val
003658.jpg,30,val
003660.jpg,30,val
003661.jpg,30,val
003662.jpg,30,val
003663.jpg,30,val
003664.jpg,30,val
003665.jpg,30,train
003667.jpg,30,train
003668.jpg,30,train
003669.jpg,30,train
003670.jpg,30,train
003671.jpg,30,train
003672.jpg,30,train
003673.jpg,30,train
003674.jpg,30,train
003677.jpg,30,train
003680.jpg,30,train
003682.jpg,30,train
003684.jpg,30,train
003688.jpg,30,train
003689.jpg,30,train
003692.jpg,30,train
003693.jpg,30,train
003694.jpg,30,train
003695.jpg,30,train
003696.jpg,30,train
003701.jpg,30,train
003703.jpg,30,train
003705.jpg,30,train
003709.jpg,30,train
003734.jpg,31,val
003735.jpg,31,val
003736.jpg,31,val
003737.jpg,31,val
003738.jpg,31,val
003739.jpg,31,val
003740.jpg,31,val
003741.jpg,31,train
003742.jpg,31,train
003745.jpg,31,train
003750.jpg,31,train
003751.jpg,31,train
003753.jpg,31,train
003754.jpg,31,train
003755.jpg,31,train
003758.jpg,31,train
003761.jpg,31,train
003762.jpg,31,train
003763.jpg,31,train
003764.jpg,31,train
003765.jpg,31,train
003766.jpg,31,train
003767.jpg,31,train
003768.jpg,31,train
003772.jpg,31,train
003773.jpg,31,train
003774.jpg,31,train
003775.jpg,31,train
003777.jpg,31,train
003780.jpg,31,train
003781.jpg,31,train
003782.jpg,31,train
003889.jpg,32,val
003892.jpg,32,val
003893.jpg,32,val
003894.jpg,32,val
003895.jpg,32,val
003896.jpg,32,val
003898.jpg,32,val
003903.jpg,32,train
003904.jpg,32,train
003907.jpg,32,train
003908.jpg,32,train
003909.jpg,32,train
003912.jpg,32,train
003913.jpg,32,train
003914.jpg,32,train
003917.jpg,32,train
003919.jpg,32,train
003920.jpg,32,train
003921.jpg,32,train
003923.jpg,32,train
003924.jpg,32,train
003925.jpg,32,train
003929.jpg,32,train
003930.jpg,32,train
003931.jpg,32,train
003934.jpg,32,train
003935.jpg,32,train
003936.jpg,32,train
003938.jpg,32,train
003941.jpg,32,train
003942.jpg,32,train
003965.jpg,33,val
003966.jpg,33,val
003967.jpg,33,val
003969.jpg,33,val
003970.jpg,33,val
003971.jpg,33,val
003972.jpg,33,val
003975.jpg,33,train
003976.jpg,33,train
003978.jpg,33,train
003980.jpg,33,train
003981.jpg,33,train
003982.jpg,33,train
003984.jpg,33,train
003985.jpg,33,train
003986.jpg,33,train
003987.jpg,33,train
003988.jpg,33,train
003989.jpg,33,train
003990.jpg,33,train
003993.jpg,33,train
003994.jpg,33,train
003995.jpg,33,train
003996.jpg,33,train
003997.jpg,33,train
003998.jpg,33,train
004000.jpg,33,train
004001.jpg,33,train
004002.jpg,33,train
004003.jpg,33,train
004004.jpg,33,train
004005.jpg,33,train
004006.jpg,33,train
004007.jpg,33,train
004008.jpg,33,train
004009.jpg,33,train
004010.jpg,33,train
004011.jpg,33,train
004012.jpg,33,train
004134.jpg,34,val
004136.jpg,34,val
004138.jpg,34,val
004139.jpg,34,val
004151.jpg,34,val
004152.jpg,34,val
004153.jpg,34,val
004154.jpg,34,train
004157.jpg,34,train
004158.jpg,34,train
004159.jpg,34,train
004160.jpg,34,train
004161.jpg,34,train
004162.jpg,34,train
004165.jpg,34,train
004168.jpg,34,train
004170.jpg,34,train
004172.jpg,34,train
004175.jpg,34,train
004176.jpg,34,train
004179.jpg,34,train
004180.jpg,34,train
004183.jpg,34,train
004184.jpg,34,train
004185.jpg,34,train
004187.jpg,34,train
004192.jpg,34,train
004217.jpg,35,val
004223.jpg,35,val
004225.jpg,35,val
004228.jpg,35,val
004230.jpg,35,val
004231.jpg,35,val
004232.jpg,35,val
004236.jpg,35,train
004237.jpg,35,train
004239.jpg,35,train
004240.jpg,35,train
004244.jpg,35,train
004245.jpg,35,train
004248.jpg,35,train
004249.jpg,35,train
004253.jpg,35,train
004254.jpg,35,train
004255.jpg,35,train
004261.jpg,35,train
004264.jpg,35,train
004266.jpg,35,train
004268.jpg,35,train
004269.jpg,35,train
004271.jpg,35,train
004274.jpg,35,train
004386.jpg,36,val
004388.jpg,36,val
004389.jpg,36,val
004391.jpg,36,val
004392.jpg,36,val
004394.jpg,36,val
004396.jpg,36,val
004398.jpg,36,train
004399.jpg,36,train
004400.jpg,36,train
004402.jpg,36,train
004403.jpg,36,train
004407.jpg,36,train
004409.jpg,36,train
004410.jpg,36,train
004412.jpg,36,train
004413.jpg,36,train
004414.jpg,36,train
004419.jpg,36,train
004423.jpg,36,train
004426.jpg,36,train
004431.jpg,36,train
004433.jpg,36,train
004434.jpg,36,train
004436.jpg,36,train
004438.jpg,36,train
004440.jpg,36,train
004441.jpg,36,train
004464.jpg,37,val
004470.jpg,37,val
004473.jpg,37,val
004475.jpg,37,val
004476.jpg,37,val
004477.jpg,37,val
004478.jpg,37,val
004480.jpg,37,train
004481.jpg,37,train
004484.jpg,37,train
004486.jpg,37,train
004489.jpg,37,train
004492.jpg,37,train
004493.jpg,37,train
004499.jpg,37,train
004500.jpg,37,train
004501.jpg,37,train
004504.jpg,37,train
004507.jpg,37,train
004509.jpg,37,train
004512.jpg,37,train
004513.jpg,37,train
004514.jpg,37,train
004516.jpg,37,train
004518.jpg,37,train
004519.jpg,37,train
004520.jpg,37,train
004521.jpg,37,train
004632.jpg,38,val
004633.jpg,38,val
004634.jpg,38,val
004635.jpg,38,val
004636.jpg,38,val
004637.jpg,38,val
004638.jpg,38,val
004639.jpg,38,train
004641.jpg,38,train
004642.jpg,38,train
004643.jpg,38,train
004646.jpg,38,train
004647.jpg,38,train
004648.jpg,38,train
004649.jpg,38,train
004650.jpg,38,train
004651.jpg,38,train
004652.jpg,38,train
004653.jpg,38,train
004654.jpg,38,train
004655.jpg,38,train
004657.jpg,38,train
004658.jpg,38,train
004659.jpg,38,train
004661.jpg,38,train
004662.jpg,38,train
004663.jpg,38,train
004664.jpg,38,train
004665.jpg,38,train
004666.jpg,38,train
004667.jpg,38,train
004668.jpg,38,train
004669.jpg,38,train
004670.jpg,38,train
004671.jpg,38,train
004672.jpg,38,train
004673.jpg,38,train
004674.jpg,38,train
004675.jpg,38,train
004882.jpg,39,val
004883.jpg,39,val
004884.jpg,39,val
004885.jpg,39,val
004886.jpg,39,val
004888.jpg,39,val
004890.jpg,39,val
004892.jpg,39,train
004893.jpg,39,train
004895.jpg,39,train
004897.jpg,39,train
004898.jpg,39,train
004900.jpg,39,train
004901.jpg,39,train
004902.jpg,39,train
004903.jpg,39,train
004904.jpg,39,train
004905.jpg,39,train
004906.jpg,39,train
004907.jpg,39,train
004908.jpg,39,train
004911.jpg,39,train
004912.jpg,39,train
004913.jpg,39,train
004914.jpg,39,train
004916.jpg,39,train
004918.jpg,39,train
004919.jpg,39,train
004922.jpg,39,train
004923.jpg,39,train
004924.jpg,39,train
004925.jpg,39,train
004926.jpg,39,train
004927.jpg,39,train
004929.jpg,39,train
004932.jpg,39,train
004934.jpg,39,train
004935.jpg,39,train
005042.jpg,40,val
005043.jpg,40,val
005044.jpg,40,val
005045.jpg,40,val
005046.jpg,40,val
005047.jpg,40,val
005048.jpg,40,val
005049.jpg,40,train
005050.jpg,40,train
005051.jpg,40,train
005052.jpg,40,train
005053.jpg,40,train
005054.jpg,40,train
005055.jpg,40,train
005056.jpg,40,train
005057.jpg,40,train
005058.jpg,40,train
005059.jpg,40,train
005060.jpg,40,train
005062.jpg,40,train
005063.jpg,40,train
005064.jpg,40,train
005065.jpg,40,train
005066.jpg,40,train
005067.jpg,40,train
005068.jpg,40,train
005069.jpg,40,train
005070.jpg,40,train
005071.jpg,40,train
005072.jpg,40,train
005073.jpg,40,train
005074.jpg,40,train
005075.jpg,40,train
005076.jpg,40,train
005077.jpg,40,train
005078.jpg,40,train
005079.jpg,40,train
005080.jpg,40,train
005081.jpg,40,train
005130.jpg,41,val
005132.jpg,41,val
005133.jpg,41,val
005134.jpg,41,val
005135.jpg,41,val
005136.jpg,41,val
005137.jpg,41,val
005138.jpg,41,train
005139.jpg,41,train
005141.jpg,41,train
005142.jpg,41,train
005143.jpg,41,train
005144.jpg,41,train
005145.jpg,41,train
005147.jpg,41,train
005148.jpg,41,train
005149.jpg,41,train
005150.jpg,41,train
005151.jpg,41,train
005153.jpg,41,train
005154.jpg,41,train
005155.jpg,41,train
005156.jpg,41,train
005157.jpg,41,train
005158.jpg,41,train
005159.jpg,41,train
005160.jpg,41,train
005161.jpg,41,train
005163.jpg,41,train
005164.jpg,41,train
005165.jpg,41,train
005166.jpg,41,train
005167.jpg,41,train
005168.jpg,41,train
005169.jpg,41,train
005170.jpg,41,train
005171.jpg,41,train
005172.jpg,41,train
005190.jpg,42,val
005193.jpg,42,val
005197.jpg,42,val
005200.jpg,42,val
005201.jpg,42,val
005202.jpg,42,val
005206.jpg,42,val
005208.jpg,42,train
005212.jpg,42,train
005216.jpg,42,train
005217.jpg,42,train
005224.jpg,42,train
005227.jpg,42,train
005229.jpg,42,train
005232.jpg,42,train
005233.jpg,42,train
005236.jpg,42,train
005240.jpg,42,train
005241.jpg,42,train
005243.jpg,42,train
005244.jpg,42,train
005245.jpg,42,train
005248.jpg,42,train
005249.jpg,42,train
005250.jpg,42,train
005252.jpg,42,train
005253.jpg,42,train
005257.jpg,42,train
005280.jpg,43,val
005281.jpg,43,val
005283.jpg,43,val
005284.jpg,43,val
005286.jpg,43,val
005289.jpg,43,val
005290.jpg,43,val
005291.jpg,43,train
005292.jpg,43,train
005296.jpg,43,train
005298.jpg,43,train
005299.jpg,43,train
005300.jpg,43,train
005302.jpg,43,train
005304.jpg,43,train
005305.jpg,43,train
005307.jpg,43,train
005310.jpg,43,train
005311.jpg,43,train
005313.jpg,43,train
005314.jpg,43,train
005315.jpg,43,train
005317.jpg,43,train
005319.jpg,43,train
005322.jpg,43,train
005323.jpg,43,train
005324.jpg,43,train
005326.jpg,43,train
005328.jpg,43,train
005329.jpg,43,train
005330.jpg,43,train
005331.jpg,43,train
005333.jpg,43,train
005334.jpg,43,train
005335.jpg,43,train
005440.jpg,44,val
005443.jpg,44,val
005445.jpg,44,val
005446.jpg,44,val
005447.jpg,44,val
005448.jpg,44,val
005450.jpg,44,val
005451.jpg,44,train
005452.jpg,44,train
005453.jpg,44,train
005454.jpg,44,train
005457.jpg,44,train
005459.jpg,44,train
005464.jpg,44,train
005465.jpg,44,train
005466.jpg,44,train
005467.jpg,44,train
005470.jpg,44,train
005473.jpg,44,train
005477.jpg,44,train
005479.jpg,44,train
005480.jpg,44,train
005481.jpg,44,train
005482.jpg,44,train
005483.jpg,44,train
005487.jpg,44,train
005489.jpg,44,train
005490.jpg,44,train
005491.jpg,44,train
005492.jpg,44,train
005493.jpg,44,train
005494.jpg,44,train
005495.jpg,44,train
005680.jpg,45,val
005681.jpg,45,val
005683.jpg,45,val
005685.jpg,45,val
005686.jpg,45,val
005687.jpg,45,val
005690.jpg,45,val
005691.jpg,45,train
005696.jpg,45,train
005698.jpg,45,train
005699.jpg,45,train
005702.jpg,45,train
005704.jpg,45,train
005708.jpg,45,train
005711.jpg,45,train
005714.jpg,45,train
005716.jpg,45,train
005717.jpg,45,train
005718.jpg,45,train
005719.jpg,45,train
005720.jpg,45,train
005721.jpg,45,train
005723.jpg,45,train
005724.jpg,45,train
005725.jpg,45,train
005728.jpg,45,train
005729.jpg,45,train
005731.jpg,45,train
005751.jpg,46,val
005753.jpg,46,val
005754.jpg,46,val
005757.jpg,46,val
005758.jpg,46,val
005759.jpg,46,val
005771.jpg,46,val
005774.jpg,46,train
005776.jpg,46,train
005779.jpg,46,train
005780.jpg,46,train
005781.jpg,46,train
005783.jpg,46,train
005784.jpg,46,train
005788.jpg,46,train
005789.jpg,46,train
005790.jpg,46,train
005792.jpg,46,train
005794.jpg,46,train
005796.jpg,46,train
005798.jpg,46,train
005803.jpg,46,train
005804.jpg,46,train
005810.jpg,46,train
005811.jpg,46,train
005813.jpg,46,train
005815.jpg,46,train
005817.jpg,46,train
005844.jpg,47,val
005845.jpg,47,val
005846.jpg,47,val
005847.jpg,47,val
005848.jpg,47,val
005852.jpg,47,val
005854.jpg,47,val
005855.jpg,47,train
005856.jpg,47,train
005857.jpg,47,train
005858.jpg,47,train
005859.jpg,47,train
005860.jpg,47,train
005861.jpg,47,train
005862.jpg,47,train
005867.jpg,47,train
005870.jpg,47,train
005875.jpg,47,train
005876.jpg,47,train
005877.jpg,47,train
005879.jpg,47,train
005881.jpg,47,train
005882.jpg,47,train
005883.jpg,47,train
005885.jpg,47,train
005889.jpg,47,train
005890.jpg,47,train
005892.jpg,47,train
005898.jpg,47,train
005901.jpg,47,train
005902.jpg,47,train
005930.jpg,48,val
005931.jpg,48,val
005933.jpg,48,val
005937.jpg,48,val
005941.jpg,48,val
005942.jpg,48,val
005944.jpg,48,val
005945.jpg,48,train
005949.jpg,48,train
005950.jpg,48,train
005951.jpg,48,train
005953.jpg,48,train
005956.jpg,48,train
005958.jpg,48,train
005959.jpg,48,train
005963.jpg,48,train
005964.jpg,48,train
005967.jpg,48,train
005970.jpg,48,train
005974.jpg,48,train
005975.jpg,48,train
005977.jpg,48,train
005982.jpg,48,train
005983.jpg,48,train
005986.jpg,48,train
006016.jpg,49,val
006017.jpg,49,val
006018.jpg,49,val
006019.jpg,49,val
006020.jpg,49,val
006021.jpg,49,val
006022.jpg,49,val
006023.jpg,49,train
006024.jpg,49,train
006025.jpg,49,train
006026.jpg,49,train
006027.jpg,49,train
006028.jpg,49,train
006029.jpg,49,train
006030.jpg,49,train
006031.jpg,49,train
006032.jpg,49,train
006033.jpg,49,train
006034.jpg,49,train
006036.jpg,49,train
006037.jpg,49,train
006038.jpg,49,train
006039.jpg,49,train
006040.jpg,49,train
006041.jpg,49,train
006042.jpg,49,train
006043.jpg,49,train
006044.jpg,49,train
006045.jpg,49,train
006047.jpg,49,train
006049.jpg,49,train
006050.jpg,49,train
006052.jpg,49,train
006053.jpg,49,train
006054.jpg,49,train
006055.jpg,49,train
006056.jpg,49,train
006057.jpg,49,train
006058.jpg,49,train
006106.jpg,50,val
006109.jpg,50,val
006110.jpg,50,val
006114.jpg,50,val
006117.jpg,50,val
006118.jpg,50,val
006125.jpg,50,val
006126.jpg,50,train
006128.jpg,50,train
006131.jpg,50,train
006136.jpg,50,train
006137.jpg,50,train
006145.jpg,50,train
006146.jpg,50,train
006150.jpg,50,train
006151.jpg,50,train
006153.jpg,50,train
006156.jpg,50,train
006157.jpg,50,train
006158.jpg,50,train
006160.jpg,50,train
006161.jpg,50,train
006167.jpg,50,train
006168.jpg,50,train
006170.jpg,50,train
006171.jpg,50,train
006174.jpg,50,train
006192.jpg,51,val
006194.jpg,51,val
006195.jpg,51,val
006197.jpg,51,val
006199.jpg,51,val
006200.jpg,51,val
006202.jpg,51,val
006209.jpg,51,train
006211.jpg,51,train
006212.jpg,51,train
006213.jpg,51,train
006215.jpg,51,train
006216.jpg,51,train
006217.jpg,51,train
006219.jpg,51,train
006222.jpg,51,train
006223.jpg,51,train
006224.jpg,51,train
006225.jpg,51,train
006227.jpg,51,train
006228.jpg,51,train
006229.jpg,51,train
006230.jpg,51,train
006232.jpg,51,train
006234.jpg,51,train
006235.jpg,51,train
006236.jpg,51,train
006237.jpg,51,train
006240.jpg,51,train
006241.jpg,51,train
006245.jpg,51,train
006273.jpg,52,val
006275.jpg,52,val
006276.jpg,52,val
006277.jpg,52,val
006278.jpg,52,val
006279.jpg,52,val
006280.jpg,52,val
006283.jpg,52,train
006284.jpg,52,train
006287.jpg,52,train
006289.jpg,52,train
006290.jpg,52,train
006294.jpg,52,train
006297.jpg,52,train
006298.jpg,52,train
006302.jpg,52,train
006303.jpg,52,train
006305.jpg,52,train
006306.jpg,52,train
006307.jpg,52,train
006309.jpg,52,train
006311.jpg,52,train
006312.jpg,52,train
006313.jpg,52,train
006314.jpg,52,train
006315.jpg,52,train
006321.jpg,52,train
006322.jpg,52,train
006348.jpg,53,val
006349.jpg,53,val
006351.jpg,53,val
006352.jpg,53,val
006353.jpg,53,val
006355.jpg,53,val
006356.jpg,53,val
006358.jpg,53,train
006359.jpg,53,train
006360.jpg,53,train
006361.jpg,53,train
006362.jpg,53,train
006363.jpg,53,train
006364.jpg,53,train
006365.jpg,53,train
006366.jpg,53,train
006367.jpg,53,train
006368.jpg,53,train
006369.jpg,53,train
006370.jpg,53,train
006371.jpg,53,train
006372.jpg,53,train
006373.jpg,53,train
006374.jpg,53,train
006375.jpg,53,train
006376.jpg,53,train
006377.jpg,53,train
006378.jpg,53,train
006379.jpg,53,train
006380.jpg,53,train
006381.jpg,53,train
006382.jpg,53,train
006383.jpg,53,train
006384.jpg,53,train
006385.jpg,53,train
006386.jpg,53,train
006387.jpg,53,train
006388.jpg,53,train
006389.jpg,53,train
006530.jpg,54,val
006534.jpg,54,val
006535.jpg,54,val
006536.jpg,54,val
006538.jpg,54,val
006539.jpg,54,val
006540.jpg,54,val
006541.jpg,54,train
006542.jpg,54,train
006543.jpg,54,train
006544.jpg,54,train
006545.jpg,54,train
006546.jpg,54,train
006547.jpg,54,train
006549.jpg,54,train
006550.jpg,54,train
006552.jpg,54,train
006553.jpg,54,train
006554.jpg,54,train
006555.jpg,54,train
006556.jpg,54,train
006557.jpg,54,train
006558.jpg,54,train
006559.jpg,54,train
006560.jpg,54,train
006561.jpg,54,train
006562.jpg,54,train
006563.jpg,54,train
006565.jpg,54,train
006566.jpg,54,train
006567.jpg,54,train
006568.jpg,54,train
006569.jpg,54,train
006570.jpg,54,train
006571.jpg,54,train
006572.jpg,54,train
006574.jpg,54,train
006575.jpg,54,train
006576.jpg,54,train
006623.jpg,55,val
006625.jpg,55,val
006626.jpg,55,val
006627.jpg,55,val
006628.jpg,55,val
006629.jpg,55,val
006632.jpg,55,val
006638.jpg,55,train
006639.jpg,55,train
006640.jpg,55,train
006641.jpg,55,train
006642.jpg,55,train
006644.jpg,55,train
006645.jpg,55,train
006646.jpg,55,train
006648.jpg,55,train
006649.jpg,55,train
006650.jpg,55,train
006655.jpg,55,train
006661.jpg,55,train
006662.jpg,55,train
006665.jpg,55,train
006666.jpg,55,train
006669.jpg,55,train
006671.jpg,55,train
006674.jpg,55,train
006675.jpg,55,train
006676.jpg,55,train
006679.jpg,55,train
006680.jpg,55,train
006681.jpg,55,train
006875.jpg,56,val
006876.jpg,56,val
006877.jpg,56,val
006878.jpg,56,val
006879.jpg,56,val
006881.jpg,56,val
006882.jpg,56,val
006883.jpg,56,train
006884.jpg,56,train
006885.jpg,56,train
006886.jpg,56,train
006887.jpg,56,train
006888.jpg,56,train
006890.jpg,56,train
006891.jpg,56,train
006892.jpg,56,train
006893.jpg,56,train
006894.jpg,56,train
006895.jpg,56,train
006896.jpg,56,train
006899.jpg,56,train
006901.jpg,56,train
006904.jpg,56,train
006905.jpg,56,train
006908.jpg,56,train
006909.jpg,56,train
006910.jpg,56,train
006914.jpg,56,train
006915.jpg,56,train
006916.jpg,56,train
006917.jpg,56,train
006918.jpg,56,train
006919.jpg,56,train
006924.jpg,56,train
006925.jpg,56,train
006926.jpg,56,train
006927.jpg,56,train
006928.jpg,56,train
006929.jpg,56,train
006963.jpg,57,val
006965.jpg,57,val
006968.jpg,57,val
006970.jpg,57,val
006973.jpg,57,val
006974.jpg,57,val
006976.jpg,57,val
006980.jpg,57,train
006981.jpg,57,train
006982.jpg,57,train
006985.jpg,57,train
006986.jpg,57,train
006987.jpg,57,train
006989.jpg,57,train
006991.jpg,57,train
006993.jpg,57,train
006995.jpg,57,train
006996.jpg,57,train
006997.jpg,57,train
007000.jpg,57,train
007001.jpg,57,train
007003.jpg,57,train
007013.jpg,57,train
007015.jpg,57,train
007017.jpg,57,train
007018.jpg,57,train
007020.jpg,57,train
007021.jpg,57,train
007047.jpg,58,val
007048.jpg,58,val
007050.jpg,58,val
007051.jpg,58,val
007052.jpg,58,val
007053.jpg,58,val
007056.jpg,58,val
007058.jpg,58,train
007059.jpg,58,train
007060.jpg,58,train
007061.jpg,58,train
007062.jpg,58,train
007064.jpg,58,train
007065.jpg,58,train
007067.jpg,58,train
007068.jpg,58,train
007069.jpg,58,train
007070.jpg,58,train
007071.jpg,58,train
007072.jpg,58,train
007073.jpg,58,train
007074.jpg,58,train
007076.jpg,58,train
007078.jpg,58,train
007079.jpg,58,train
007080.jpg,58,train
007081.jpg,58,train
007082.jpg,58,train
007083.jpg,58,train
007084.jpg,58,train
007086.jpg,58,train
007087.jpg,58,train
007088.jpg,58,train
007089.jpg,58,train
007090.jpg,58,train
007091.jpg,58,train
007093.jpg,58,train
007096.jpg,58,train
007097.jpg,58,train
007214.jpg,59,val
007215.jpg,59,val
007216.jpg,59,val
007217.jpg,59,val
007218.jpg,59,val
007219.jpg,59,val
007220.jpg,59,val
007221.jpg,59,train
007222.jpg,59,train
007223.jpg,59,train
007224.jpg,59,train
007225.jpg,59,train
007226.jpg,59,train
007228.jpg,59,train
007229.jpg,59,train
007230.jpg,59,train
007231.jpg,59,train
007232.jpg,59,train
007233.jpg,59,train
007234.jpg,59,train
007235.jpg,59,train
007236.jpg,59,train
007237.jpg,59,train
007238.jpg,59,train
007239.jpg,59,train
007240.jpg,59,train
007241.jpg,59,train
007242.jpg,59,train
007243.jpg,59,train
007244.jpg,59,train
007245.jpg,59,train
007246.jpg,59,train
007247.jpg,59,train
007248.jpg,59,train
007249.jpg,59,train
007250.jpg,59,train
007251.jpg,59,train
007252.jpg,59,train
007253.jpg,59,train
007384.jpg,60,val
007385.jpg,60,val
007386.jpg,60,val
007388.jpg,60,val
007389.jpg,60,val
007391.jpg,60,val
007393.jpg,60,val
007396.jpg,60,train
007397.jpg,60,train
007404.jpg,60,train
007405.jpg,60,train
007406.jpg,60,train
007408.jpg,60,train
007410.jpg,60,train
007411.jpg,60,train
007412.jpg,60,train
007418.jpg,60,train
007419.jpg,60,train
007421.jpg,60,train
007422.jpg,60,train
007423.jpg,60,train
007425.jpg,60,train
007427.jpg,60,train
007432.jpg,60,train
007434.jpg,60,train
007436.jpg,60,train
007437.jpg,60,train
007544.jpg,61,val
007545.jpg,61,val
007547.jpg,61,val
007552.jpg,61,val
007556.jpg,61,val
007557.jpg,61,val
007558.jpg,61,val
007562.jpg,61,train
007563.jpg,61,train
007564.jpg,61,train
007568.jpg,61,train
007569.jpg,61,train
007570.jpg,61,train
007571.jpg,61,train
007572.jpg,61,train
007574.jpg,61,train
007575.jpg,61,train
007577.jpg,61,train
007580.jpg,61,train
007582.jpg,61,train
007583.jpg,61,train
007584.jpg,61,train
007588.jpg,61,train
007589.jpg,61,train
007590.jpg,61,train
007592.jpg,61,train
007594.jpg,61,train
007596.jpg,61,train
007597.jpg,61,train
007600.jpg,61,train
007603.jpg,61,train
007619.jpg,62,val
007620.jpg,62,val
007621.jpg,62,val
007622.jpg,62,val
007623.jpg,62,val
007624.jpg,62,val
007625.jpg,62,val
007626.jpg,62,train
007627.jpg,62,train
007628.jpg,62,train
007629.jpg,62,train
007630.jpg,62,train
007632.jpg,62,train
007633.jpg,62,train
007634.jpg,62,train
007635.jpg,62,train
007636.jpg,62,train
007637.jpg,62,train
007638.jpg,62,train
007639.jpg,62,train
007640.jpg,62,train
007641.jpg,62,train
007642.jpg,62,train
007643.jpg,62,train
007644.jpg,62,train
007645.jpg,62,train
007646.jpg,62,train
007647.jpg,62,train
007649.jpg,62,train
007650.jpg,62,train
007651.jpg,62,train
007652.jpg,62,train
007653.jpg,62,train
007654.jpg,62,train
007656.jpg,62,train
007657.jpg,62,train
007658.jpg,62,train
007660.jpg,62,train
007661.jpg,62,train
007706.jpg,63,val
007707.jpg,63,val
007708.jpg,63,val
007715.jpg,63,val
007717.jpg,63,val
007718.jpg,63,val
007719.jpg,63,val
007721.jpg,63,train
007723.jpg,63,train
007724.jpg,63,train
007725.jpg,63,train
007726.jpg,63,train
007728.jpg,63,train
007729.jpg,63,train
007731.jpg,63,train
007732.jpg,63,train
007733.jpg,63,train
007735.jpg,63,train
007739.jpg,63,train
007740.jpg,63,train
007741.jpg,63,train
007742.jpg,63,train
007743.jpg,63,train
007744.jpg,63,train
007746.jpg,63,train
007749.jpg,63,train
007750.jpg,63,train
007751.jpg,63,train
007752.jpg,63,train
007753.jpg,63,train
007756.jpg,63,train
007758.jpg,63,train
007760.jpg,63,train
007761.jpg,63,train
007762.jpg,63,train
007763.jpg,63,train
007766.jpg,63,train
007768.jpg,63,train
007797.jpg,64,val
007798.jpg,64,val
007799.jpg,64,val
007802.jpg,64,val
007804.jpg,64,val
007806.jpg,64,val
007807.jpg,64,val
007809.jpg,64,train
007810.jpg,64,train
007811.jpg,64,train
007812.jpg,64,train
007813.jpg,64,train
007814.jpg,64,train
007816.jpg,64,train
007817.jpg,64,train
007818.jpg,64,train
007819.jpg,64,train
007822.jpg,64,train
007823.jpg,64,train
007824.jpg,64,train
007826.jpg,64,train
007827.jpg,64,train
007828.jpg,64,train
007829.jpg,64,train
007830.jpg,64,train
007831.jpg,64,train
007832.jpg,64,train
007833.jpg,64,train
007834.jpg,64,train
007835.jpg,64,train
007836.jpg,64,train
007837.jpg,64,train
007838.jpg,64,train
007839.jpg,64,train
007840.jpg,64,train
007841.jpg,64,train
007843.jpg,64,train
007844.jpg,64,train
007845.jpg,64,train
007880.jpg,65,val
007881.jpg,65,val
007885.jpg,65,val
007888.jpg,65,val
007889.jpg,65,val
007890.jpg,65,val
007891.jpg,65,val
007895.jpg,65,train
007902.jpg,65,train
007904.jpg,65,train
007905.jpg,65,train
007906.jpg,65,train
007909.jpg,65,train
007911.jpg,65,train
007912.jpg,65,train
007913.jpg,65,train
007914.jpg,65,train
007916.jpg,65,train
007920.jpg,65,train
007921.jpg,65,train
007922.jpg,65,train
007923.jpg,65,train
007924.jpg,65,train
007926.jpg,65,train
007929.jpg,65,train
007932.jpg,65,train
007934.jpg,65,train
007935.jpg,65,train
007936.jpg,65,train
007937.jpg,65,train
007964.jpg,66,val
007967.jpg,66,val
007969.jpg,66,val
007970.jpg,66,val
007971.jpg,66,val
007972.jpg,66,val
007973.jpg,66,val
007974.jpg,66,train
007975.jpg,66,train
007978.jpg,66,train
007980.jpg,66,train
007981.jpg,66,train
007982.jpg,66,train
007983.jpg,66,train
007984.jpg,66,train
007985.jpg,66,train
007987.jpg,66,train
007988.jpg,66,train
007990.jpg,66,train
007992.jpg,66,train
007993.jpg,66,train
007994.jpg,66,train
007995.jpg,66,train
007996.jpg,66,train
007997.jpg,66,train
007998.jpg,66,train
007999.jpg,66,train
008000.jpg,66,train
008002.jpg,66,train
008003.jpg,66,train
008004.jpg,66,train
008007.jpg,66,train
008009.jpg,66,train
008010.jpg,66,train
008011.jpg,66,train
008012.jpg,66,train
008013.jpg,66,train
008014.jpg,66,train
008015.jpg,66,train
008110.jpg,67,val
008111.jpg,67,val
008113.jpg,67,val
008116.jpg,67,val
008117.jpg,67,val
008118.jpg,67,val
008119.jpg,67,val
008121.jpg,67,train
008123.jpg,67,train
008127.jpg,67,train
008128.jpg,67,train
008129.jpg,67,train
008130.jpg,67,train
008133.jpg,67,train
008135.jpg,67,train
008137.jpg,67,train
008138.jpg,67,train
008140.jpg,67,train
008141.jpg,67,train
008142.jpg,67,train
008143.jpg,67,train
008145.jpg,67,train
008146.jpg,67,train
008147.jpg,67,train
008148.jpg,67,train
008149.jpg,67,train
008151.jpg,67,train
008153.jpg,67,train
008177.jpg,68,val
008179.jpg,68,val
008180.jpg,68,val
008181.jpg,68,val
008183.jpg,68,val
008184.jpg,68,val
008186.jpg,68,val
008188.jpg,68,train
008189.jpg,68,train
008191.jpg,68,train
008192.jpg,68,train
008195.jpg,68,train
008196.jpg,68,train
008197.jpg,68,train
008198.jpg,68,train
008199.jpg,68,train
008202.jpg,68,train
008206.jpg,68,train
008209.jpg,68,train
008210.jpg,68,train
008213.jpg,68,train
008214.jpg,68,train
008215.jpg,68,train
008216.jpg,68,train
008217.jpg,68,train
008219.jpg,68,train
008220.jpg,68,train
008221.jpg,68,train
008222.jpg,68,train
008224.jpg,68,train
008226.jpg,68,train
008227.jpg,68,train
008231.jpg,68,train
008232.jpg,68,train
008233.jpg,68,train
008673.jpg,69,val
008677.jpg,69,val
008680.jpg,69,val
008681.jpg,69,val
008682.jpg,69,val
008685.jpg,69,val
008689.jpg,69,val
008690.jpg,69,train
008691.jpg,69,train
008694.jpg,69,train
008695.jpg,69,train
008696.jpg,69,train
008697.jpg,69,train
008701.jpg,69,train
008704.jpg,69,train
008707.jpg,69,train
008708.jpg,69,train
008710.jpg,69,train
008712.jpg,69,train
008715.jpg,69,train
008718.jpg,69,train
008719.jpg,69,train
008720.jpg,69,train
008722.jpg,69,train
008723.jpg,69,train
008729.jpg,69,train
008730.jpg,69,train
008733.jpg,69,train
008941.jpg,70,val
008942.jpg,70,val
008943.jpg,70,val
008945.jpg,70,val
008950.jpg,70,val
008951.jpg,70,val
008952.jpg,70,val
008954.jpg,70,train
008955.jpg,70,train
008957.jpg,70,train
008958.jpg,70,train
008959.jpg,70,train
008961.jpg,70,train
008962.jpg,70,train
008963.jpg,70,train
008964.jpg,70,train
008965.jpg,70,train
008966.jpg,70,train
008967.jpg,70,train
008968.jpg,70,train
008969.jpg,70,train
008970.jpg,70,train
008971.jpg,70,train
008972.jpg,70,train
008973.jpg,70,train
008975.jpg,70,train
008976.jpg,70,train
008978.jpg,70,train
008979.jpg,70,train
008980.jpg,70,train
008982.jpg,70,train
008983.jpg,70,train
008985.jpg,70,train
008986.jpg,70,train
008987.jpg,70,train
008991.jpg,70,train
008992.jpg,70,train
008993.jpg,70,train
008994.jpg,70,train
009109.jpg,71,val
009110.jpg,71,val
009111.jpg,71,val
009112.jpg,71,val
009113.jpg,71,val
009114.jpg,71,val
009115.jpg,71,val
009116.jpg,71,train
009117.jpg,71,train
009118.jpg,71,train
009119.jpg,71,train
009120.jpg,71,train
009121.jpg,71,train
009122.jpg,71,train
009123.jpg,71,train
009124.jpg,71,train
009125.jpg,71,train
009126.jpg,71,train
009127.jpg,71,train
009128.jpg,71,train
009129.jpg,71,train
009130.jpg,71,train
009131.jpg,71,train
009132.jpg,71,train
009133.jpg,71,train
009134.jpg,71,train
009136.jpg,71,train
009137.jpg,71,train
009138.jpg,71,train
009140.jpg,71,train
009141.jpg,71,train
009142.jpg,71,train
009143.jpg,71,train
009144.jpg,71,train
009145.jpg,71,train
009146.jpg,71,train
009147.jpg,71,train
009148.jpg,71,train
009149.jpg,71,train
009201.jpg,72,val
009203.jpg,72,val
009204.jpg,72,val
009206.jpg,72,val
009207.jpg,72,val
009208.jpg,72,val
009212.jpg,72,val
009216.jpg,72,train
009217.jpg,72,train
009219.jpg,72,train
009224.jpg,72,train
009225.jpg,72,train
009227.jpg,72,train
009229.jpg,72,train
009232.jpg,72,train
009234.jpg,72,train
009235.jpg,72,train
009236.jpg,72,train
009239.jpg,72,train
009240.jpg,72,train
009243.jpg,72,train
009244.jpg,72,train
009248.jpg,72,train
009252.jpg,72,train
009254.jpg,72,train
009257.jpg,72,train
009258.jpg,72,train
009259.jpg,72,train
009285.jpg,73,val
009287.jpg,73,val
009288.jpg,73,val
009290.jpg,73,val
009293.jpg,73,val
009294.jpg,73,val
009297.jpg,73,val
009299.jpg,73,train
009300.jpg,73,train
009302.jpg,73,train
009303.jpg,73,train
009306.jpg,73,train
009308.jpg,73,train
009310.jpg,73,train
009311.jpg,73,train
009312.jpg,73,train
009314.jpg,73,train
009315.jpg,73,train
009316.jpg,73,train
009318.jpg,73,train
009320.jpg,73,train
009321.jpg,73,train
009322.jpg,73,train
009326.jpg,73,train
009327.jpg,73,train
009328.jpg,73,train
009329.jpg,73,train
009330.jpg,73,train
009331.jpg,73,train
009332.jpg,73,train
009333.jpg,73,train
009337.jpg,73,train
009338.jpg,73,train
009341.jpg,73,train
009342.jpg,73,train
009343.jpg,73,train
009344.jpg,73,train
009375.jpg,74,val
009378.jpg,74,val
009380.jpg,74,val
009382.jpg,74,val
009383.jpg,74,val
009384.jpg,74,val
009387.jpg,74,val
009389.jpg,74,train
009390.jpg,74,train
009391.jpg,74,train
009394.jpg,74,train
009397.jpg,74,train
009398.jpg,74,train
009400.jpg,74,train
009402.jpg,74,train
009404.jpg,74,train
009405.jpg,74,train
009406.jpg,74,train
009408.jpg,74,train
009410.jpg,74,train
009411.jpg,74,train
009412.jpg,74,train
009414.jpg,74,train
009417.jpg,74,train
009419.jpg,74,train
009420.jpg,74,train
009421.jpg,74,train
009422.jpg,74,train
009423.jpg,74,train
009424.jpg,74,train
009425.jpg,74,train
009426.jpg,74,train
009427.jpg,74,train
009428.jpg,74,train
009429.jpg,74,train
009433.jpg,74,train
009436.jpg,74,train
009437.jpg,74,train
009540.jpg,75,val
009541.jpg,75,val
009542.jpg,75,val
009543.jpg,75,val
009546.jpg,75,val
009547.jpg,75,val
009548.jpg,75,val
009549.jpg,75,train
009550.jpg,75,train
009552.jpg,75,train
009554.jpg,75,train
009555.jpg,75,train
009556.jpg,75,train
009558.jpg,75,train
009560.jpg,75,train
009561.jpg,75,train
009565.jpg,75,train
009566.jpg,75,train
009567.jpg,75,train
009569.jpg,75,train
009570.jpg,75,train
009574.jpg,75,train
009576.jpg,75,train
009577.jpg,75,train
009579.jpg,75,train
009582.jpg,75,train
009583.jpg,75,train
009584.jpg,75,train
009592.jpg,75,train
009594.jpg,75,train
009595.jpg,75,train
009598.jpg,75,train
009599.jpg,75,train
009626.jpg,76,val
009629.jpg,76,val
009630.jpg,76,val
009631.jpg,76,val
009633.jpg,76,val
009634.jpg,76,val
009635.jpg,76,val
009636.jpg,76,train
009639.jpg,76,train
009640.jpg,76,train
009642.jpg,76,train
009646.jpg,76,train
009650.jpg,76,train
009652.jpg,76,train
009661.jpg,76,train
009662.jpg,76,train
009663.jpg,76,train
009664.jpg,76,train
009665.jpg,76,train
009669.jpg,76,train
009670.jpg,76,train
009672.jpg,76,train
009673.jpg,76,train
009674.jpg,76,train
009675.jpg,76,train
009678.jpg,76,train
009679.jpg,76,train
009680.jpg,76,train
009682.jpg,76,train
009683.jpg,76,train
009684.jpg,76,train
009708.jpg,77,val
009712.jpg,77,val
009713.jpg,77,val
009715.jpg,77,val
009719.jpg,77,val
009721.jpg,77,val
009723.jpg,77,val
009724.jpg,77,train
009728.jpg,77,train
009736.jpg,77,train
009737.jpg,77,train
009742.jpg,77,train
009743.jpg,77,train
009747.jpg,77,train
009753.jpg,77,train
009755.jpg,77,train
009765.jpg,77,train
009773.jpg,77,train
009774.jpg,78,val
009775.jpg,78,val
009776.jpg,78,val
009778.jpg,78,val
009779.jpg,78,val
009781.jpg,78,val
009783.jpg,78,val
009785.jpg,78,train
009786.jpg,78,train
009787.jpg,78,train
009789.jpg,78,train
009790.jpg,78,train
009794.jpg,78,train
009795.jpg,78,train
009796.jpg,78,train
009799.jpg,78,train
009800.jpg,78,train
009801.jpg,78,train
009802.jpg,78,train
009803.jpg,78,train
009804.jpg,78,train
009806.jpg,78,train
009807.jpg,78,train
009809.jpg,78,train
009810.jpg,78,train
009811.jpg,78,train
009812.jpg,78,train
009813.jpg,78,train
009815.jpg,78,train
009817.jpg,78,train
009819.jpg,78,train
009820.jpg,78,train
009823.jpg,78,train
009825.jpg,78,train
009827.jpg,78,train
009830.jpg,78,train
009832.jpg,78,train
009834.jpg,78,train
009836.jpg,78,train
009860.jpg,79,val
009861.jpg,79,val
009866.jpg,79,val
009867.jpg,79,val
009871.jpg,79,val
009874.jpg,79,val
009875.jpg,79,val
009876.jpg,79,train
009882.jpg,79,train
009885.jpg,79,train
009887.jpg,79,train
009888.jpg,79,train
009890.jpg,79,train
009891.jpg,79,train
009894.jpg,79,train
009897.jpg,79,train
009898.jpg,79,train
009899.jpg,79,train
009901.jpg,79,train
009902.jpg,79,train
009903.jpg,79,train
009904.jpg,79,train
009905.jpg,79,train
009907.jpg,79,train
009908.jpg,79,train
009909.jpg,79,train
009911.jpg,79,train
009912.jpg,79,train
009914.jpg,79,train
009917.jpg,79,train
009922.jpg,79,train
009949.jpg,80,val
009951.jpg,80,val
009954.jpg,80,val
009956.jpg,80,val
009958.jpg,80,val
009959.jpg,80,val
009964.jpg,80,val
009965.jpg,80,train
009966.jpg,80,train
009968.jpg,80,train
009969.jpg,80,train
009970.jpg,80,train
009971.jpg,80,train
009973.jpg,80,train
009974.jpg,80,train
009978.jpg,80,train
009979.jpg,80,train
009980.jpg,80,train
009982.jpg,80,train
009985.jpg,80,train
009987.jpg,80,train
009989.jpg,80,train
009992.jpg,80,train
009994.jpg,80,train
009999.jpg,80,train
010001.jpg,80,train
010028.jpg,77,train
010029.jpg,77,train
010030.jpg,77,train
010031.jpg,77,train
010032.jpg,77,train
010033.jpg,77,train
010034.jpg,77,train
010035.jpg,77,train
010036.jpg,77,train
010038.jpg,77,train
010039.jpg,77,train
010040.jpg,77,train
010041.jpg,77,train
010042.jpg,77,train
010043.jpg,77,train
010044.jpg,77,train
010045.jpg,77,train
010046.jpg,77,train
010047.jpg,77,train
010048.jpg,77,train
010049.jpg,77,train
010187.jpg,81,val
010188.jpg,81,val
010189.jpg,81,val
010191.jpg,81,val
010192.jpg,81,val
010196.jpg,81,val
010198.jpg,81,val
010199.jpg,81,train
010203.jpg,81,train
010204.jpg,81,train
010209.jpg,81,train
010210.jpg,81,train
010211.jpg,81,train
010212.jpg,81,train
010213.jpg,81,train
010215.jpg,81,train
010216.jpg,81,train
010217.jpg,81,train
010219.jpg,81,train
010222.jpg,81,train
010223.jpg,81,train
010224.jpg,81,train
010225.jpg,81,train
010226.jpg,81,train
010227.jpg,81,train
010228.jpg,81,train
010230.jpg,81,train
010233.jpg,81,train
010234.jpg,81,train
010235.jpg,81,train
010236.jpg,81,train
010238.jpg,81,train
010270.jpg,82,val
010272.jpg,82,val
010273.jpg,82,val
010274.jpg,82,val
010275.jpg,82,val
010277.jpg,82,val
010278.jpg,82,val
010279.jpg,82,train
010280.jpg,82,train
010284.jpg,82,train
010288.jpg,82,train
010291.jpg,82,train
010292.jpg,82,train
010293.jpg,82,train
010295.jpg,82,train
010297.jpg,82,train
010298.jpg,82,train
010299.jpg,82,train
010302.jpg,82,train
010304.jpg,82,train
010306.jpg,82,train
010308.jpg,82,train
010310.jpg,82,train
010314.jpg,82,train
010316.jpg,82,train
010317.jpg,82,train
010319.jpg,82,train
010320.jpg,82,train
010324.jpg,82,train
010353.jpg,83,val
010354.jpg,83,val
010355.jpg,83,val
010358.jpg,83,val
010361.jpg,83,val
010362.jpg,83,val
010363.jpg,83,val
010364.jpg,83,train
010365.jpg,83,train
010366.jpg,83,train
010368.jpg,83,train
010376.jpg,83,train
010380.jpg,83,train
010382.jpg,83,train
010383.jpg,83,train
010384.jpg,83,train
010385.jpg,83,train
010386.jpg,83,train
010388.jpg,83,train
010390.jpg,83,train
010392.jpg,83,train
010394.jpg,83,train
010396.jpg,83,train
010397.jpg,83,train
010398.jpg,83,train
010400.jpg,83,train
010401.jpg,83,train
010402.jpg,83,train
010403.jpg,83,train
010405.jpg,83,train
010406.jpg,83,train
010407.jpg,83,train
010409.jpg,83,train
010410.jpg,83,train
010412.jpg,83,train
010413.jpg,83,train
010439.jpg,84,val
010441.jpg,84,val
010443.jpg,84,val
010446.jpg,84,val
010448.jpg,84,val
010449.jpg,84,val
010450.jpg,84,val
010451.jpg,84,train
010453.jpg,84,train
010454.jpg,84,train
010455.jpg,84,train
010457.jpg,84,train
010460.jpg,84,train
010463.jpg,84,train
010464.jpg,84,train
010466.jpg,84,train
010467.jpg,84,train
010468.jpg,84,train
010470.jpg,84,train
010473.jpg,84,train
010474.jpg,84,train
010475.jpg,84,train
010477.jpg,84,train
010479.jpg,84,train
010480.jpg,84,train
010483.jpg,84,train
010485.jpg,84,train
010487.jpg,84,train
010488.jpg,84,train
010490.jpg,84,train
010493.jpg,84,train
010673.jpg,85,val
010674.jpg,85,val
010675.jpg,85,val
010678.jpg,85,val
010681.jpg,85,val
010682.jpg,85,val
010683.jpg,85,val
010685.jpg,85,train
010687.jpg,85,train
010688.jpg,85,train
010689.jpg,85,train
010690.jpg,85,train
010691.jpg,85,train
010694.jpg,85,train
010695.jpg,85,train
010696.jpg,85,train
010698.jpg,85,train
010700.jpg,85,train
010702.jpg,85,train
010703.jpg,85,train
010704.jpg,85,train
010705.jpg,85,train
010709.jpg,85,train
010711.jpg,85,train
010712.jpg,85,train
010713.jpg,85,train
010717.jpg,85,train
010718.jpg,85,train
010719.jpg,85,train
010721.jpg,85,train
010723.jpg,85,train
010724.jpg,85,train
010727.jpg,85,train
010728.jpg,85,train
010729.jpg,85,train
010730.jpg,85,train
010755.jpg,86,val
010756.jpg,86,val
010758.jpg,86,val
010759.jpg,86,val
010765.jpg,86,val
010770.jpg,86,val
010771.jpg,86,val
010772.jpg,86,train
010778.jpg,86,train
010780.jpg,86,train
010782.jpg,86,train
010783.jpg,86,train
010785.jpg,86,train
010791.jpg,86,train
010793.jpg,86,train
010795.jpg,86,train
010801.jpg,86,train
010802.jpg,86,train
010804.jpg,86,train
010805.jpg,86,train
010807.jpg,86,train
010808.jpg,86,train
010809.jpg,86,train
010810.jpg,86,train
010811.jpg,86,train
010812.jpg,86,train
010814.jpg,86,train
010839.jpg,87,val
010840.jpg,87,val
010841.jpg,87,val
010842.jpg,87,val
010843.jpg,87,val
010844.jpg,87,val
010845.jpg,87,val
010846.jpg,87,train
010847.jpg,87,train
010848.jpg,87,train
010849.jpg,87,train
010850.jpg,87,train
010851.jpg,87,train
010852.jpg,87,train
010854.jpg,87,train
010855.jpg,87,train
010856.jpg,87,train
010857.jpg,87,train
010858.jpg,87,train
010859.jpg,87,train
010861.jpg,87,train
010863.jpg,87,train
010864.jpg,87,train
010865.jpg,87,train
010866.jpg,87,train
010867.jpg,87,train
010868.jpg,87,train
010869.jpg,87,train
010870.jpg,87,train
010871.jpg,87,train
010872.jpg,87,train
010873.jpg,87,train
010874.jpg,87,train
010875.jpg,87,train
010876.jpg,87,train
010877.jpg,87,train
010878.jpg,87,train
010879.jpg,87,train
010880.jpg,87,train
010926.jpg,88,val
010927.jpg,88,val
010928.jpg,88,val
010929.jpg,88,val
010930.jpg,88,val
010931.jpg,88,val
010932.jpg,88,val
010933.jpg,88,train
010934.jpg,88,train
010935.jpg,88,train
010936.jpg,88,train
010937.jpg,88,train
010938.jpg,88,train
010939.jpg,88,train
010940.jpg,88,train
010941.jpg,88,train
010942.jpg,88,train
010943.jpg,88,train
010944.jpg,88,train
010945.jpg,88,train
010946.jpg,88,train
010947.jpg,88,train
010948.jpg,88,train
010949.jpg,88,train
010950.jpg,88,train
010951.jpg,88,train
010952.jpg,88,train
010953.jpg,88,train
010954.jpg,88,train
010955.jpg,88,train
010956.jpg,88,train
010957.jpg,88,train
010958.jpg,88,train
010959.jpg,88,train
010960.jpg,88,train
010961.jpg,88,train
010962.jpg,88,train
010964.jpg,88,train
010965.jpg,88,train
011078.jpg,89,val
011079.jpg,89,val
011080.jpg,89,val
011082.jpg,89,val
011084.jpg,89,val
011085.jpg,89,val
011086.jpg,89,val
011090.jpg,89,train
011091.jpg,89,train
011092.jpg,89,train
011093.jpg,89,train
011095.jpg,89,train
011097.jpg,89,train
011098.jpg,89,train
011099.jpg,89,train
011102.jpg,89,train
011107.jpg,89,train
011110.jpg,89,train
011111.jpg,89,train
011114.jpg,89,train
011115.jpg,89,train
011116.jpg,89,train
011122.jpg,89,train
011124.jpg,89,train
011126.jpg,89,train
011128.jpg,89,train
011130.jpg,89,train
011131.jpg,89,train
011209.jpg,90,val
011211.jpg,90,val
011212.jpg,90,val
011214.jpg,90,val
011215.jpg,90,val
011216.jpg,90,val
011217.jpg,90,val
011220.jpg,90,train
011221.jpg,90,train
011223.jpg,90,train
011225.jpg,90,train
011227.jpg,90,train
011228.jpg,90,train
011229.jpg,90,train
011230.jpg,90,train
011231.jpg,90,train
011233.jpg,90,train
011237.jpg,90,train
011238.jpg,90,train
011239.jpg,90,train
011240.jpg,90,train
011241.jpg,90,train
011244.jpg,90,train
011247.jpg,90,train
011248.jpg,90,train
011249.jpg,90,train
011250.jpg,90,train
011251.jpg,90,train
011252.jpg,90,train
011253.jpg,90,train
011255.jpg,90,train
011257.jpg,90,train
011258.jpg,90,train
011259.jpg,90,train
011260.jpg,90,train
011261.jpg,90,train
011262.jpg,90,train
011266.jpg,90,train
011267.jpg,90,train
011297.jpg,91,val
011300.jpg,91,val
011301.jpg,91,val
011302.jpg,91,val
011303.jpg,91,val
011305.jpg,91,val
011309.jpg,91,val
011312.jpg,91,train
011314.jpg,91,train
011316.jpg,91,train
011318.jpg,91,train
011319.jpg,91,train
011320.jpg,91,train
011321.jpg,91,train
011322.jpg,91,train
011323.jpg,91,train
011324.jpg,91,train
011326.jpg,91,train
011327.jpg,91,train
011329.jpg,91,train
011330.jpg,91,train
011331.jpg,91,train
011336.jpg,91,train
011340.jpg,91,train
011341.jpg,91,train
011342.jpg,91,train
011343.jpg,91,train
011344.jpg,91,train
011347.jpg,91,train
011349.jpg,91,train
011351.jpg,91,train
011352.jpg,91,train
011375.jpg,92,val
011378.jpg,92,val
011380.jpg,92,val
011381.jpg,92,val
011383.jpg,92,val
011384.jpg,92,val
011385.jpg,92,val
011386.jpg,92,train
011389.jpg,92,train
011391.jpg,92,train
011393.jpg,92,train
011394.jpg,92,train
011395.jpg,92,train
011396.jpg,92,train
011397.jpg,92,train
011399.jpg,92,train
011401.jpg,92,train
011406.jpg,92,train
011407.jpg,92,train
011408.jpg,92,train
011409.jpg,92,train
011410.jpg,92,train
011411.jpg,92,train
011412.jpg,92,train
011413.jpg,92,train
011416.jpg,92,train
011417.jpg,92,train
011418.jpg,92,train
011419.jpg,92,train
011421.jpg,92,train
011422.jpg,92,train
011423.jpg,92,train
011424.jpg,92,train
011425.jpg,92,train
011426.jpg,92,train
011428.jpg,92,train
011429.jpg,92,train
011430.jpg,92,train
011431.jpg,92,train
011460.jpg,93,val
011462.jpg,93,val
011463.jpg,93,val
011465.jpg,93,val
011466.jpg,93,val
011467.jpg,93,val
011468.jpg,93,val
011469.jpg,93,train
011470.jpg,93,train
011471.jpg,93,train
011472.jpg,93,train
011473.jpg,93,train
011474.jpg,93,train
011475.jpg,93,train
011477.jpg,93,train
011478.jpg,93,train
011479.jpg,93,train
011480.jpg,93,train
011481.jpg,93,train
011482.jpg,93,train
011483.jpg,93,train
011484.jpg,93,train
011485.jpg,93,train
011486.jpg,93,train
011487.jpg,93,train
011488.jpg,93,train
011489.jpg,93,train
011490.jpg,93,train
011491.jpg,93,train
011492.jpg,93,train
011493.jpg,93,train
011494.jpg,93,train
011496.jpg,93,train
011497.jpg,93,train
011498.jpg,93,train
011499.jpg,93,train
011500.jpg,93,train
011501.jpg,93,train
011502.jpg,93,train
011757.jpg,94,val
011758.jpg,94,val
011760.jpg,94,val
011761.jpg,94,val
011762.jpg,94,val
011763.jpg,94,val
011764.jpg,94,val
011765.jpg,94,train
011766.jpg,94,train
011767.jpg,94,train
011768.jpg,94,train
011769.jpg,94,train
011770.jpg,94,train
011771.jpg,94,train
011772.jpg,94,train
011773.jpg,94,train
011774.jpg,94,train
011775.jpg,94,train
011777.jpg,94,train
011778.jpg,94,train
011779.jpg,94,train
011781.jpg,94,train
011782.jpg,94,train
011783.jpg,94,train
011784.jpg,94,train
011785.jpg,94,train
011786.jpg,94,train
011787.jpg,94,train
011788.jpg,94,train
011790.jpg,94,train
011791.jpg,94,train
011794.jpg,94,train
011795.jpg,94,train
011797.jpg,94,train
011798.jpg,94,train
011799.jpg,94,train
011800.jpg,94,train
011802.jpg,94,train
011803.jpg,94,train
011850.jpg,95,val
011851.jpg,95,val
011852.jpg,95,val
011853.jpg,95,val
011854.jpg,95,val
011855.jpg,95,val
011856.jpg,95,val
011857.jpg,95,train
011858.jpg,95,train
011859.jpg,95,train
011860.jpg,95,train
011861.jpg,95,train
011862.jpg,95,train
011863.jpg,95,train
011864.jpg,95,train
011866.jpg,95,train
011867.jpg,95,train
011868.jpg,95,train
011869.jpg,95,train
011870.jpg,95,train
011871.jpg,95,train
011872.jpg,95,train
011873.jpg,95,train
011874.jpg,95,train
011875.jpg,95,train
011876.jpg,95,train
011877.jpg,95,train
011878.jpg,95,train
011879.jpg,95,train
011880.jpg,95,train
011881.jpg,95,train
011882.jpg,95,train
011883.jpg,95,train
011884.jpg,95,train
011885.jpg,95,train
011886.jpg,95,train
011887.jpg,95,train
011888.jpg,95,train
011889.jpg,95,train
011939.jpg,96,val
011940.jpg,96,val
011941.jpg,96,val
011942.jpg,96,val
011943.jpg,96,val
011945.jpg,96,val
011947.jpg,96,val
011949.jpg,96,train
011951.jpg,96,train
011952.jpg,96,train
011953.jpg,96,train
011954.jpg,96,train
011955.jpg,96,train
011956.jpg,96,train
011957.jpg,96,train
011960.jpg,96,train
011961.jpg,96,train
011964.jpg,96,train
011965.jpg,96,train
011967.jpg,96,train
011968.jpg,96,train
011969.jpg,96,train
011972.jpg,96,train
011973.jpg,96,train
011974.jpg,96,train
011975.jpg,96,train
011977.jpg,96,train
011978.jpg,96,train
011979.jpg,96,train
011980.jpg,96,train
011981.jpg,96,train
011982.jpg,96,train
011984.jpg,96,train
011985.jpg,96,train
011986.jpg,96,train
011987.jpg,96,train
011988.jpg,96,train
011990.jpg,96,train
011991.jpg,96,train
012024.jpg,97,val
012025.jpg,97,val
012026.jpg,97,val
012027.jpg,97,val
012028.jpg,97,val
012029.jpg,97,val
012030.jpg,97,val
012031.jpg,97,train
012032.jpg,97,train
012033.jpg,97,train
012034.jpg,97,train
012036.jpg,97,train
012037.jpg,97,train
012039.jpg,97,train
012040.jpg,97,train
012041.jpg,97,train
012042.jpg,97,train
012043.jpg,97,train
012044.jpg,97,train
012045.jpg,97,train
012046.jpg,97,train
012047.jpg,97,train
012048.jpg,97,train
012049.jpg,97,train
012050.jpg,97,train
012051.jpg,97,train
012052.jpg,97,train
012053.jpg,97,train
012054.jpg,97,train
012055.jpg,97,train
012057.jpg,97,train
012058.jpg,97,train
012059.jpg,97,train
012060.jpg,97,train
012061.jpg,97,train
012062.jpg,97,train
012063.jpg,97,train
012064.jpg,97,train
012065.jpg,97,train
012113.jpg,98,val
012115.jpg,98,val
012117.jpg,98,val
012118.jpg,98,val
012121.jpg,98,val
012122.jpg,98,val
012124.jpg,98,val
012125.jpg,98,train
012126.jpg,98,train
012127.jpg,98,train
012128.jpg,98,train
012130.jpg,98,train
012131.jpg,98,train
012133.jpg,98,train
012135.jpg,98,train
012137.jpg,98,train
012139.jpg,98,train
012140.jpg,98,train
012143.jpg,98,train
012144.jpg,98,train
012145.jpg,98,train
012149.jpg,98,train
012152.jpg,98,train
012153.jpg,98,train
012156.jpg,98,train
012159.jpg,98,train
012164.jpg,98,train
012166.jpg,98,train
012169.jpg,98,train
012171.jpg,98,train
012203.jpg,99,val
012204.jpg,99,val
012205.jpg,99,val
012206.jpg,99,val
012207.jpg,99,val
012208.jpg,99,val
012209.jpg,99,val
012210.jpg,99,train
012212.jpg,99,train
012214.jpg,99,train
012215.jpg,99,train
012217.jpg,99,train
012218.jpg,99,train
012219.jpg,99,train
012220.jpg,99,train
012221.jpg,99,train
012222.jpg,99,train
012223.jpg,99,train
012224.jpg,99,train
012225.jpg,99,train
012226.jpg,99,train
012227.jpg,99,train
012228.jpg,99,train
012229.jpg,99,train
012230.jpg,99,train
012231.jpg,99,train
012232.jpg,99,train
012233.jpg,99,train
012234.jpg,99,train
012235.jpg,99,train
012236.jpg,99,train
012237.jpg,99,train
012238.jpg,99,train
012239.jpg,99,train
012240.jpg,99,train
012241.jpg,99,train
012242.jpg,99,train
012243.jpg,99,train
012244.jpg,99,train
012289.jpg,100,val
012291.jpg,100,val
012293.jpg,100,val
012294.jpg,100,val
012295.jpg,100,val
012296.jpg,100,val
012297.jpg,100,val
012300.jpg,100,train
012301.jpg,100,train
012303.jpg,100,train
012304.jpg,100,train
012305.jpg,100,train
012307.jpg,100,train
012308.jpg,100,train
012309.jpg,100,train
012310.jpg,100,train
012312.jpg,100,train
012313.jpg,100,train
012314.jpg,100,train
012315.jpg,100,train
012317.jpg,100,train
012318.jpg,100,train
012320.jpg,100,train
012324.jpg,100,train
012326.jpg,100,train
012327.jpg,100,train
012328.jpg,100,train
012333.jpg,100,train
012334.jpg,100,train
012335.jpg,100,train
012518.jpg,101,val
012519.jpg,101,val
012520.jpg,101,val
012521.jpg,101,val
012522.jpg,101,val
012523.jpg,101,val
012525.jpg,101,val
012527.jpg,101,train
012531.jpg,101,train
012535.jpg,101,train
012537.jpg,101,train
012539.jpg,101,train
012541.jpg,101,train
012543.jpg,101,train
012544.jpg,101,train
012546.jpg,101,train
012547.jpg,101,train
012548.jpg,101,train
012550.jpg,101,train
012554.jpg,101,train
012556.jpg,101,train
012558.jpg,101,train
012565.jpg,101,train
012566.jpg,101,train
012569.jpg,101,train
012570.jpg,101,train
012575.jpg,101,train
012576.jpg,101,train
012577.jpg,101,train
012578.jpg,101,train
012579.jpg,101,train
012581.jpg,101,train
012583.jpg,101,train
012608.jpg,102,val
012610.jpg,102,val
012611.jpg,102,val
012612.jpg,102,val
012613.jpg,102,val
012614.jpg,102,val
012615.jpg,102,val
012616.jpg,102,train
012617.jpg,102,train
012618.jpg,102,train
012619.jpg,102,train
012620.jpg,102,train
012621.jpg,102,train
012622.jpg,102,train
012623.jpg,102,train
012624.jpg,102,train
012625.jpg,102,train
012626.jpg,102,train
012627.jpg,102,train
012628.jpg,102,train
012629.jpg,102,train
012630.jpg,102,train
012631.jpg,102,train
012632.jpg,102,train
012633.jpg,102,train
012634.jpg,102,train
012635.jpg,102,train
012636.jpg,102,train
012637.jpg,102,train
012638.jpg,102,train
012639.jpg,102,train
012640.jpg,102,train
012641.jpg,102,train
012642.jpg,102,train
012643.jpg,102,train
012644.jpg,102,train
012646.jpg,102,train
012647.jpg,102,train
012648.jpg,102,train
012697.jpg,103,val
012700.jpg,103,val
012702.jpg,103,val
012703.jpg,103,val
012705.jpg,103,val
012707.jpg,103,val
012708.jpg,103,val
012709.jpg,103,train
012713.jpg,103,train
012714.jpg,103,train
012716.jpg,103,train
012717.jpg,103,train
012718.jpg,103,train
012722.jpg,103,train
012725.jpg,103,train
012727.jpg,103,train
012728.jpg,103,train
012729.jpg,103,train
012730.jpg,103,train
012731.jpg,103,train
012733.jpg,103,train
012734.jpg,103,train
012735.jpg,103,train
012736.jpg,103,train
012737.jpg,103,train
012739.jpg,103,train
012740.jpg,103,train
012741.jpg,103,train
012742.jpg,103,train
012744.jpg,103,train
012745.jpg,103,train
012746.jpg,103,train
012748.jpg,103,train
012749.jpg,103,train
012750.jpg,103,train
012751.jpg,103,train
012752.jpg,103,train
012986.jpg,104,val
012988.jpg,104,val
012992.jpg,104,val
012993.jpg,104,val
012994.jpg,104,val
012995.jpg,104,val
012996.jpg,104,val
012998.jpg,104,train
013000.jpg,104,train
013002.jpg,104,train
013003.jpg,104,train
013004.jpg,104,train
013005.jpg,104,train
013006.jpg,104,train
013009.jpg,104,train
013010.jpg,104,train
013011.jpg,104,train
013012.jpg,104,train
013013.jpg,104,train
013014.jpg,104,train
013015.jpg,104,train
013016.jpg,104,train
013023.jpg,104,train
013024.jpg,104,train
013025.jpg,104,train
013026.jpg,104,train
013028.jpg,104,train
013029.jpg,104,train
013031.jpg,104,train
013032.jpg,104,train
013034.jpg,104,train
013038.jpg,104,train
013059.jpg,105,val
013060.jpg,105,val
013061.jpg,105,val
013062.jpg,105,val
013063.jpg,105,val
013064.jpg,105,val
013065.jpg,105,val
013066.jpg,105,train
013068.jpg,105,train
013072.jpg,105,train
013074.jpg,105,train
013075.jpg,105,train
013076.jpg,105,train
013077.jpg,105,train
013078.jpg,105,train
013080.jpg,105,train
013085.jpg,105,train
013086.jpg,105,train
013088.jpg,105,train
013089.jpg,105,train
013090.jpg,105,train
013092.jpg,105,train
013093.jpg,105,train
013094.jpg,105,train
013095.jpg,105,train
013097.jpg,105,train
013099.jpg,105,train
013100.jpg,105,train
013102.jpg,105,train
013103.jpg,105,train
013104.jpg,105,train
013105.jpg,105,train
013108.jpg,105,train
013110.jpg,105,train
013111.jpg,105,train
013112.jpg,105,train
013116.jpg,105,train
013117.jpg,105,train
013120.jpg,105,train
013146.jpg,106,val
013147.jpg,106,val
013148.jpg,106,val
013150.jpg,106,val
013151.jpg,106,val
013153.jpg,106,val
013154.jpg,106,val
013172.jpg,106,train
013174.jpg,106,train
013175.jpg,106,train
013177.jpg,106,train
013178.jpg,106,train
013181.jpg,106,train
013182.jpg,106,train
013183.jpg,106,train
013184.jpg,106,train
013185.jpg,106,train
013187.jpg,106,train
013189.jpg,106,train
013190.jpg,106,train
013201.jpg,106,train
013205.jpg,106,train
013211.jpg,106,train
013215.jpg,106,train
013217.jpg,106,train
013333.jpg,107,val
013334.jpg,107,val
013335.jpg,107,val
013336.jpg,107,val
013338.jpg,107,val
013342.jpg,107,val
013343.jpg,107,val
013344.jpg,107,train
013345.jpg,107,train
013347.jpg,107,train
013350.jpg,107,train
013351.jpg,107,train
013354.jpg,107,train
013355.jpg,107,train
013356.jpg,107,train
013357.jpg,107,train
013359.jpg,107,train
013361.jpg,107,train
013367.jpg,107,train
013368.jpg,107,train
013370.jpg,107,train
013371.jpg,107,train
013374.jpg,107,train
013375.jpg,107,train
013376.jpg,107,train
013378.jpg,107,train
013380.jpg,107,train
013406.jpg,108,val
013407.jpg,108,val
013408.jpg,108,val
013409.jpg,108,val
013410.jpg,108,val
013411.jpg,108,val
013412.jpg,108,val
013413.jpg,108,train
013414.jpg,108,train
013415.jpg,108,train
013416.jpg,108,train
013417.jpg,108,train
013418.jpg,108,train
013419.jpg,108,train
013421.jpg,108,train
013422.jpg,108,train
013423.jpg,108,train
013424.jpg,108,train
013425.jpg,108,train
013426.jpg,108,train
013427.jpg,108,train
013428.jpg,108,train
013429.jpg,108,train
013430.jpg,108,train
013431.jpg,108,train
013432.jpg,108,train
013433.jpg,108,train
013434.jpg,108,train
013435.jpg,108,train
013436.jpg,108,train
013437.jpg,108,train
013438.jpg,108,train
013439.jpg,108,train
013440.jpg,108,train
013441.jpg,108,train
013442.jpg,108,train
013443.jpg,108,train
013444.jpg,108,train
013445.jpg,108,train
013493.jpg,109,val
013495.jpg,109,val
013496.jpg,109,val
013498.jpg,109,val
013499.jpg,109,val
013502.jpg,109,val
013504.jpg,109,val
013505.jpg,109,train
013506.jpg,109,train
013509.jpg,109,train
013514.jpg,109,train
013516.jpg,109,train
013520.jpg,109,train
013522.jpg,109,train
013523.jpg,109,train
013524.jpg,109,train
013525.jpg,109,train
013526.jpg,109,train
013530.jpg,109,train
013531.jpg,109,train
013532.jpg,109,train
013533.jpg,109,train
013535.jpg,109,train
013537.jpg,109,train
013538.jpg,109,train
013539.jpg,109,train
013540.jpg,109,train
013541.jpg,109,train
013545.jpg,109,train
013546.jpg,109,train
013549.jpg,109,train
013550.jpg,109,train
013551.jpg,109,train
013553.jpg,109,train
013554.jpg,109,train
013582.jpg,110,val
013583.jpg,110,val
013585.jpg,110,val
013586.jpg,110,val
013588.jpg,110,val
013589.jpg,110,val
013591.jpg,110,val
013592.jpg,110,train
013593.jpg,110,train
013594.jpg,110,train
013595.jpg,110,train
013596.jpg,110,train
013597.jpg,110,train
013598.jpg,110,train
013599.jpg,110,train
013600.jpg,110,train
013601.jpg,110,train
013602.jpg,110,train
013603.jpg,110,train
013604.jpg,110,train
013605.jpg,110,train
013606.jpg,110,train
013608.jpg,110,train
013609.jpg,110,train
013610.jpg,110,train
013612.jpg,110,train
013613.jpg,110,train
013614.jpg,110,train
013616.jpg,110,train
013617.jpg,110,train
013618.jpg,110,train
013619.jpg,110,train
013620.jpg,110,train
013621.jpg,110,train
013622.jpg,110,train
013623.jpg,110,train
013624.jpg,110,train
013625.jpg,110,train
013626.jpg,110,train
013664.jpg,111,val
013665.jpg,111,val
013666.jpg,111,val
013667.jpg,111,val
013668.jpg,111,val
013669.jpg,111,val
013670.jpg,111,val
013671.jpg,111,train
013672.jpg,111,train
013673.jpg,111,train
013674.jpg,111,train
013675.jpg,111,train
013676.jpg,111,train
013677.jpg,111,train
013678.jpg,111,train
013679.jpg,111,train
013680.jpg,111,train
013681.jpg,111,train
013682.jpg,111,train
013683.jpg,111,train
013684.jpg,111,train
013685.jpg,111,train
013686.jpg,111,train
013687.jpg,111,train
013688.jpg,111,train
013689.jpg,111,train
013690.jpg,111,train
013691.jpg,111,train
013692.jpg,111,train
013693.jpg,111,train
013694.jpg,111,train
013695.jpg,111,train
013696.jpg,111,train
013697.jpg,111,train
013698.jpg,111,train
013699.jpg,111,train
013700.jpg,111,train
013701.jpg,111,train
013702.jpg,111,train
013759.jpg,112,val
013760.jpg,112,val
013762.jpg,112,val
013763.jpg,112,val
013764.jpg,112,val
013767.jpg,112,val
013769.jpg,112,val
013770.jpg,112,train
013771.jpg,112,train
013772.jpg,112,train
013773.jpg,112,train
013774.jpg,112,train
013775.jpg,112,train
013776.jpg,112,train
013780.jpg,112,train
013783.jpg,112,train
013784.jpg,112,train
013785.jpg,112,train
013787.jpg,112,train
013789.jpg,112,train
013790.jpg,112,train
013791.jpg,112,train
013792.jpg,112,train
013793.jpg,112,train
013796.jpg,112,train
013797.jpg,112,train
013798.jpg,112,train
013799.jpg,112,train
013800.jpg,112,train
013801.jpg,112,train
013803.jpg,112,train
013806.jpg,112,train
013808.jpg,112,train
013811.jpg,112,train
013813.jpg,112,train
013814.jpg,112,train
013815.jpg,112,train
013816.jpg,112,train
013817.jpg,112,train
013843.jpg,113,val
013844.jpg,113,val
013845.jpg,113,val
013846.jpg,113,val
013848.jpg,113,val
013849.jpg,113,val
013850.jpg,113,val
013851.jpg,113,train
013852.jpg,113,train
013853.jpg,113,train
013854.jpg,113,train
013856.jpg,113,train
013857.jpg,113,train
013858.jpg,113,train
013860.jpg,113,train
013861.jpg,113,train
013862.jpg,113,train
013863.jpg,113,train
013865.jpg,113,train
013866.jpg,113,train
013867.jpg,113,train
013868.jpg,113,train
013869.jpg,113,train
013870.jpg,113,train
013871.jpg,113,train
013872.jpg,113,train
013875.jpg,113,train
013876.jpg,113,train
013877.jpg,113,train
013878.jpg,113,train
013880.jpg,113,train
013881.jpg,113,train
013882.jpg,113,train
013883.jpg,113,train
013884.jpg,113,train
013885.jpg,113,train
013886.jpg,113,train
013889.jpg,113,train
013890.jpg,113,train
013920.jpg,114,val
013921.jpg,114,val
013922.jpg,114,val
013923.jpg,114,val
013924.jpg,114,val
013925.jpg,114,val
013926.jpg,114,val
013927.jpg,114,train
013928.jpg,114,train
013929.jpg,114,train
013930.jpg,114,train
013931.jpg,114,train
013932.jpg,114,train
013933.jpg,114,train
013934.jpg,114,train
013935.jpg,114,train
013936.jpg,114,train
013937.jpg,114,train
013938.jpg,114,train
013939.jpg,114,train
013940.jpg,114,train
013941.jpg,114,train
013942.jpg,114,train
013943.jpg,114,train
013944.jpg,114,train
013945.jpg,114,train
013946.jpg,114,train
013947.jpg,114,train
013948.jpg,114,train
013949.jpg,114,train
013950.jpg,114,train
013951.jpg,114,train
013952.jpg,114,train
013953.jpg,114,train
013954.jpg,114,train
013955.jpg,114,train
013956.jpg,114,train
013957.jpg,114,train
013958.jpg,114,train
014009.jpg,115,val
014010.jpg,115,val
014012.jpg,115,val
014015.jpg,115,val
014016.jpg,115,val
014017.jpg,115,val
014019.jpg,115,val
014020.jpg,115,train
014022.jpg,115,train
014023.jpg,115,train
014025.jpg,115,train
014028.jpg,115,train
014029.jpg,115,train
014033.jpg,115,train
014039.jpg,115,train
014041.jpg,115,train
014043.jpg,115,train
014044.jpg,115,train
014049.jpg,115,train
014051.jpg,115,train
014053.jpg,115,train
014054.jpg,115,train
014056.jpg,115,train
014057.jpg,115,train
014058.jpg,115,train
014060.jpg,115,train
014061.jpg,115,train
014062.jpg,115,train
014063.jpg,115,train
014064.jpg,115,train
014065.jpg,115,train
014066.jpg,115,train
014070.jpg,115,train
014072.jpg,115,train
014073.jpg,115,train
014100.jpg,116,val
014101.jpg,116,val
014102.jpg,116,val
014103.jpg,116,val
014104.jpg,116,val
014105.jpg,116,val
014106.jpg,116,val
014107.jpg,116,train
014108.jpg,116,train
014109.jpg,116,train
014110.jpg,116,train
014111.jpg,116,train
014112.jpg,116,train
014113.jpg,116,train
014114.jpg,116,train
014115.jpg,116,train
014116.jpg,116,train
014117.jpg,116,train
014118.jpg,116,train
014120.jpg,116,train
014121.jpg,116,train
014122.jpg,116,train
014123.jpg,116,train
014124.jpg,116,train
014125.jpg,116,train
014126.jpg,116,train
014127.jpg,116,train
014128.jpg,116,train
014129.jpg,116,train
014130.jpg,116,train
014132.jpg,116,train
014133.jpg,116,train
014134.jpg,116,train
014136.jpg,116,train
014137.jpg,116,train
014138.jpg,116,train
014139.jpg,116,train
014140.jpg,116,train
014141.jpg,116,train
014189.jpg,117,val
014190.jpg,117,val
014191.jpg,117,val
014192.jpg,117,val
014194.jpg,117,val
014195.jpg,117,val
014197.jpg,117,val
014198.jpg,117,train
014199.jpg,117,train
014200.jpg,117,train
014201.jpg,117,train
014202.jpg,117,train
014204.jpg,117,train
014205.jpg,117,train
014207.jpg,117,train
014208.jpg,117,train
014210.jpg,117,train
014211.jpg,117,train
014212.jpg,117,train
014214.jpg,117,train
014216.jpg,117,train
014217.jpg,117,train
014218.jpg,117,train
014220.jpg,117,train
014222.jpg,117,train
014223.jpg,117,train
014225.jpg,117,train
014227.jpg,117,train
014228.jpg,117,train
014229.jpg,117,train
014230.jpg,117,train
014231.jpg,117,train
014233.jpg,117,train
014234.jpg,117,train
014236.jpg,117,train
014237.jpg,117,train
014238.jpg,117,train
014239.jpg,117,train
014241.jpg,117,train
014419.jpg,118,val
014420.jpg,118,val
014421.jpg,118,val
014422.jpg,118,val
014423.jpg,118,val
014425.jpg,118,val
014427.jpg,118,val
014430.jpg,118,train
014431.jpg,118,train
014433.jpg,118,train
014434.jpg,118,train
014435.jpg,118,train
014436.jpg,118,train
014437.jpg,118,train
014438.jpg,118,train
014439.jpg,118,train
014441.jpg,118,train
014442.jpg,118,train
014443.jpg,118,train
014445.jpg,118,train
014446.jpg,118,train
014447.jpg,118,train
014448.jpg,118,train
014450.jpg,118,train
014451.jpg,118,train
014452.jpg,118,train
014453.jpg,118,train
014454.jpg,118,train
014458.jpg,118,train
014459.jpg,118,train
014460.jpg,118,train
014464.jpg,118,train
014465.jpg,118,train
014466.jpg,118,train
014467.jpg,118,train
014468.jpg,118,train
014469.jpg,118,train
014470.jpg,118,train
014495.jpg,119,val
014497.jpg,119,val
014500.jpg,119,val
014503.jpg,119,val
014515.jpg,119,val
014516.jpg,119,val
014517.jpg,119,val
014519.jpg,119,train
014520.jpg,119,train
014521.jpg,119,train
014522.jpg,119,train
014527.jpg,119,train
014528.jpg,119,train
014530.jpg,119,train
014531.jpg,119,train
014534.jpg,119,train
014537.jpg,119,train
014540.jpg,119,train
014547.jpg,119,train
014549.jpg,119,train
014551.jpg,119,train
014552.jpg,119,train
014554.jpg,119,train
014555.jpg,119,train
014556.jpg,119,train
014557.jpg,119,train
014584.jpg,120,val
014585.jpg,120,val
014586.jpg,120,val
014587.jpg,120,val
014588.jpg,120,val
014590.jpg,120,val
014591.jpg,120,val
014592.jpg,120,train
014593.jpg,120,train
014594.jpg,120,train
014595.jpg,120,train
014596.jpg,120,train
014597.jpg,120,train
014599.jpg,120,train
014600.jpg,120,train
014601.jpg,120,train
014604.jpg,120,train
014605.jpg,120,train
014606.jpg,120,train
014607.jpg,120,train
014609.jpg,120,train
014610.jpg,120,train
014611.jpg,120,train
014612.jpg,120,train
014613.jpg,120,train
014617.jpg,120,train
014618.jpg,120,train
014619.jpg,120,train
014620.jpg,120,train
014623.jpg,120,train
014625.jpg,120,train
014626.jpg,120,train
014627.jpg,120,train
014629.jpg,120,train
014630.jpg,120,train
014631.jpg,120,train
014632.jpg,120,train
014634.jpg,120,train
014635.jpg,120,train
014666.jpg,121,val
014667.jpg,121,val
014668.jpg,121,val
014669.jpg,121,val
014671.jpg,121,val
014673.jpg,121,val
014675.jpg,121,val
014677.jpg,121,train
014678.jpg,121,train
014679.jpg,121,train
014682.jpg,121,train
014684.jpg,121,train
014685.jpg,121,train
014686.jpg,121,train
014687.jpg,121,train
014689.jpg,121,train
014691.jpg,121,train
014692.jpg,121,train
014693.jpg,121,train
014694.jpg,121,train
014695.jpg,121,train
014697.jpg,121,train
014699.jpg,121,train
014700.jpg,121,train
014701.jpg,121,train
014703.jpg,121,train
014704.jpg,121,train
014705.jpg,121,train
014706.jpg,121,train
014708.jpg,121,train
014709.jpg,121,train
014710.jpg,121,train
014711.jpg,121,train
014713.jpg,121,train
014714.jpg,121,train
014715.jpg,121,train
014716.jpg,121,train
014721.jpg,121,train
014722.jpg,121,train
014758.jpg,122,val
014761.jpg,122,val
014763.jpg,122,val
014765.jpg,122,val
014767.jpg,122,val
014768.jpg,122,val
014772.jpg,122,val
014773.jpg,122,train
014774.jpg,122,train
014777.jpg,122,train
014778.jpg,122,train
014779.jpg,122,train
014780.jpg,122,train
014782.jpg,122,train
014783.jpg,122,train
014785.jpg,122,train
014788.jpg,122,train
014790.jpg,122,train
014792.jpg,122,train
014794.jpg,122,train
014795.jpg,122,train
014796.jpg,122,train
014797.jpg,122,train
014799.jpg,122,train
014800.jpg,122,train
014802.jpg,122,train
014803.jpg,122,train
014807.jpg,122,train
014808.jpg,122,train
014811.jpg,122,train
014813.jpg,122,train
014815.jpg,122,train
014816.jpg,122,train
014820.jpg,122,train
014842.jpg,123,val
014843.jpg,123,val
014847.jpg,123,val
014850.jpg,123,val
014851.jpg,123,val
014852.jpg,123,val
014853.jpg,123,val
014854.jpg,123,train
014857.jpg,123,train
014858.jpg,123,train
014863.jpg,123,train
014870.jpg,123,train
014873.jpg,123,train
014874.jpg,123,train
014876.jpg,123,train
014877.jpg,123,train
014880.jpg,123,train
014881.jpg,123,train
014884.jpg,123,train
014885.jpg,123,train
014886.jpg,123,train
014887.jpg,123,train
014890.jpg,123,train
014892.jpg,123,train
014893.jpg,123,train
014917.jpg,124,val
014918.jpg,124,val
014919.jpg,124,val
014920.jpg,124,val
014921.jpg,124,val
014922.jpg,124,val
014923.jpg,124,val
014924.jpg,124,train
014925.jpg,124,train
014926.jpg,124,train
014927.jpg,124,train
014928.jpg,124,train
014929.jpg,124,train
014931.jpg,124,train
014932.jpg,124,train
014934.jpg,124,train
014935.jpg,124,train
014937.jpg,124,train
014938.jpg,124,train
014939.jpg,124,train
014940.jpg,124,train
014941.jpg,124,train
014942.jpg,124,train
014943.jpg,124,train
014944.jpg,124,train
014945.jpg,124,train
014947.jpg,124,train
014949.jpg,124,train
014950.jpg,124,train
014951.jpg,124,train
014952.jpg,124,train
014953.jpg,124,train
014954.jpg,124,train
014955.jpg,124,train
014956.jpg,124,train
014957.jpg,124,train
014959.jpg,124,train
014960.jpg,124,train
014961.jpg,124,train
015009.jpg,125,val
015010.jpg,125,val
015011.jpg,125,val
015012.jpg,125,val
015013.jpg,125,val
015014.jpg,125,val
015015.jpg,125,val
015016.jpg,125,train
015017.jpg,125,train
015019.jpg,125,train
015020.jpg,125,train
015021.jpg,125,train
015022.jpg,125,train
015023.jpg,125,train
015024.jpg,125,train
015025.jpg,125,train
015026.jpg,125,train
015028.jpg,125,train
015029.jpg,125,train
015030.jpg,125,train
015031.jpg,125,train
015032.jpg,125,train
015033.jpg,125,train
015035.jpg,125,train
015036.jpg,125,train
015037.jpg,125,train
015038.jpg,125,train
015039.jpg,125,train
015040.jpg,125,train
015041.jpg,125,train
015042.jpg,125,train
015043.jpg,125,train
015044.jpg,125,train
015045.jpg,125,train
015046.jpg,125,train
015047.jpg,125,train
015048.jpg,125,train
015049.jpg,125,train
015050.jpg,125,train
015096.jpg,126,val
015097.jpg,126,val
015098.jpg,126,val
015099.jpg,126,val
015100.jpg,126,val
015101.jpg,126,val
015102.jpg,126,val
015103.jpg,126,train
015104.jpg,126,train
015106.jpg,126,train
015107.jpg,126,train
015108.jpg,126,train
015110.jpg,126,train
015111.jpg,126,train
015112.jpg,126,train
015113.jpg,126,train
015114.jpg,126,train
015115.jpg,126,train
015118.jpg,126,train
015119.jpg,126,train
015120.jpg,126,train
015121.jpg,126,train
015122.jpg,126,train
015123.jpg,126,train
015124.jpg,126,train
015125.jpg,126,train
015126.jpg,126,train
015127.jpg,126,train
015130.jpg,126,train
015131.jpg,126,train
015132.jpg,126,train
015134.jpg,126,train
015135.jpg,126,train
015136.jpg,126,train
015137.jpg,126,train
015138.jpg,126,train
015139.jpg,126,train
015140.jpg,126,train
015141.jpg,126,train
015175.jpg,127,val
015177.jpg,127,val
015179.jpg,127,val
015182.jpg,127,val
015183.jpg,127,val
015185.jpg,127,val
015187.jpg,127,val
015188.jpg,127,train
015189.jpg,127,train
015190.jpg,127,train
015195.jpg,127,train
015196.jpg,127,train
015198.jpg,127,train
015200.jpg,127,train
015201.jpg,127,train
015205.jpg,127,train
015207.jpg,127,train
015209.jpg,127,train
015211.jpg,127,train
015212.jpg,127,train
015213.jpg,127,train
015214.jpg,127,train
015215.jpg,127,train
015216.jpg,127,train
015218.jpg,127,train
015219.jpg,127,train
015220.jpg,127,train
015221.jpg,127,train
015224.jpg,127,train
015225.jpg,127,train
015226.jpg,127,train
015227.jpg,127,train
015228.jpg,127,train
015328.jpg,128,val
015329.jpg,128,val
015331.jpg,128,val
015332.jpg,128,val
015333.jpg,128,val
015334.jpg,128,val
015337.jpg,128,val
015338.jpg,128,train
015339.jpg,128,train
015341.jpg,128,train
015342.jpg,128,train
015343.jpg,128,train
015345.jpg,128,train
015346.jpg,128,train
015347.jpg,128,train
015349.jpg,128,train
015350.jpg,128,train
015351.jpg,128,train
015352.jpg,128,train
015353.jpg,128,train
015355.jpg,128,train
015359.jpg,128,train
015360.jpg,128,train
015361.jpg,128,train
015362.jpg,128,train
015363.jpg,128,train
015364.jpg,128,train
015365.jpg,128,train
015366.jpg,128,train
015367.jpg,128,train
015368.jpg,128,train
015369.jpg,128,train
015370.jpg,128,train
015371.jpg,128,train
015372.jpg,128,train
015374.jpg,128,train
015375.jpg,128,train
015376.jpg,128,train
015377.jpg,128,train
015415.jpg,129,val
015416.jpg,129,val
015417.jpg,129,val
015421.jpg,129,val
015422.jpg,129,val
015427.jpg,129,val
015428.jpg,129,val
015433.jpg,129,train
015434.jpg,129,train
015437.jpg,129,train
015438.jpg,129,train
015443.jpg,129,train
015450.jpg,129,train
015451.jpg,129,train
015452.jpg,129,train
015454.jpg,129,train
015455.jpg,129,train
015456.jpg,129,train
015457.jpg,129,train
015459.jpg,129,train
015460.jpg,129,train
015461.jpg,129,train
015463.jpg,129,train
015464.jpg,129,train
015465.jpg,129,train
015467.jpg,129,train
015468.jpg,129,train
015503.jpg,130,val
015504.jpg,130,val
015505.jpg,130,val
015507.jpg,130,val
015509.jpg,130,val
015510.jpg,130,val
015515.jpg,130,val
015517.jpg,130,train
015518.jpg,130,train
015519.jpg,130,train
015521.jpg,130,train
015522.jpg,130,train
015526.jpg,130,train
015528.jpg,130,train
015529.jpg,130,train
015530.jpg,130,train
015533.jpg,130,train
015538.jpg,130,train
015540.jpg,130,train
015541.jpg,130,train
015544.jpg,130,train
015546.jpg,130,train
015548.jpg,130,train
015550.jpg,130,train
015552.jpg,130,train
015555.jpg,130,train
015669.jpg,131,val
015670.jpg,131,val
015671.jpg,131,val
015673.jpg,131,val
015674.jpg,131,val
015675.jpg,131,val
015676.jpg,131,val
015677.jpg,131,train
015678.jpg,131,train
015679.jpg,131,train
015680.jpg,131,train
015681.jpg,131,train
015682.jpg,131,train
015683.jpg,131,train
015684.jpg,131,train
015685.jpg,131,train
015686.jpg,131,train
015687.jpg,131,train
015688.jpg,131,train
015690.jpg,131,train
015691.jpg,131,train
015692.jpg,131,train
015693.jpg,131,train
015694.jpg,131,train
015695.jpg,131,train
015696.jpg,131,train
015697.jpg,131,train
015698.jpg,131,train
015699.jpg,131,train
015700.jpg,131,train
015701.jpg,131,train
015702.jpg,131,train
015703.jpg,131,train
015704.jpg,131,train
015705.jpg,131,train
015706.jpg,131,train
015707.jpg,131,train
015708.jpg,131,train
015709.jpg,131,train
015761.jpg,132,val
015762.jpg,132,val
015763.jpg,132,val
015764.jpg,132,val
015765.jpg,132,val
015766.jpg,132,val
015767.jpg,132,val
015768.jpg,132,train
015769.jpg,132,train
015770.jpg,132,train
015771.jpg,132,train
015772.jpg,132,train
015773.jpg,132,train
015775.jpg,132,train
015776.jpg,132,train
015777.jpg,132,train
015779.jpg,132,train
015780.jpg,132,train
015781.jpg,132,train
015784.jpg,132,train
015785.jpg,132,train
015786.jpg,132,train
015787.jpg,132,train
015788.jpg,132,train
015789.jpg,132,train
015790.jpg,132,train
015792.jpg,132,train
015793.jpg,132,train
015794.jpg,132,train
015795.jpg,132,train
015796.jpg,132,train
015797.jpg,132,train
015798.jpg,132,train
015799.jpg,132,train
015800.jpg,132,train
015801.jpg,132,train
015802.jpg,132,train
015803.jpg,132,train
015804.jpg,132,train
015847.jpg,133,val
015849.jpg,133,val
015850.jpg,133,val
015851.jpg,133,val
015852.jpg,133,val
015854.jpg,133,val
015857.jpg,133,val
015859.jpg,133,train
015861.jpg,133,train
015862.jpg,133,train
015864.jpg,133,train
015865.jpg,133,train
015866.jpg,133,train
015867.jpg,133,train
015868.jpg,133,train
015869.jpg,133,train
015870.jpg,133,train
015871.jpg,133,train
015874.jpg,133,train
015876.jpg,133,train
015877.jpg,133,train
015879.jpg,133,train
015880.jpg,133,train
015881.jpg,133,train
015883.jpg,133,train
015885.jpg,133,train
015886.jpg,133,train
015887.jpg,133,train
015888.jpg,133,train
015889.jpg,133,train
015891.jpg,133,train
015892.jpg,133,train
015893.jpg,133,train
015894.jpg,133,train
015895.jpg,133,train
015896.jpg,133,train
015898.jpg,133,train
015900.jpg,133,train
015901.jpg,133,train
015929.jpg,134,val
015931.jpg,134,val
015932.jpg,134,val
015933.jpg,134,val
015934.jpg,134,val
015935.jpg,134,val
015940.jpg,134,val
015941.jpg,134,train
015942.jpg,134,train
015943.jpg,134,train
015944.jpg,134,train
015945.jpg,134,train
015947.jpg,134,train
015948.jpg,134,train
015950.jpg,134,train
015951.jpg,134,train
015953.jpg,134,train
015954.jpg,134,train
015955.jpg,134,train
015956.jpg,134,train
015957.jpg,134,train
015958.jpg,134,train
015959.jpg,134,train
015960.jpg,134,train
015962.jpg,134,train
015963.jpg,134,train
015964.jpg,134,train
015965.jpg,134,train
015966.jpg,134,train
015967.jpg,134,train
015970.jpg,134,train
015972.jpg,134,train
015973.jpg,134,train
015974.jpg,134,train
015976.jpg,134,train
015977.jpg,134,train
015978.jpg,134,train
015979.jpg,134,train
015980.jpg,134,train
016022.jpg,135,val
016023.jpg,135,val
016030.jpg,135,val
016031.jpg,135,val
016032.jpg,135,val
016033.jpg,135,val
016034.jpg,135,val
016035.jpg,135,train
016036.jpg,135,train
016041.jpg,135,train
016042.jpg,135,train
016043.jpg,135,train
016044.jpg,135,train
016045.jpg,135,train
016046.jpg,135,train
016047.jpg,135,train
016048.jpg,135,train
016049.jpg,135,train
016050.jpg,135,train
016051.jpg,135,train
016052.jpg,135,train
016055.jpg,135,train
016056.jpg,135,train
016059.jpg,135,train
016060.jpg,135,train
016061.jpg,135,train
016062.jpg,135,train
016064.jpg,135,train
016066.jpg,135,train
016067.jpg,135,train
016069.jpg,135,train
016075.jpg,135,train
016076.jpg,135,train
016106.jpg,136,val
016107.jpg,136,val
016110.jpg,136,val
016113.jpg,136,val
016114.jpg,136,val
016119.jpg,136,val
016120.jpg,136,val
016121.jpg,136,train
016123.jpg,136,train
016125.jpg,136,train
016126.jpg,136,train
016127.jpg,136,train
016129.jpg,136,train
016130.jpg,136,train
016131.jpg,136,train
016134.jpg,136,train
016136.jpg,136,train
016137.jpg,136,train
016139.jpg,136,train
016140.jpg,136,train
016141.jpg,136,train
016142.jpg,136,train
016144.jpg,136,train
016149.jpg,136,train
016151.jpg,136,train
016153.jpg,136,train
016155.jpg,136,train
016156.jpg,136,train
016157.jpg,136,train
016158.jpg,136,train
